Hunt Real Estate ERA - Prescott Valley,1 in Serving Prescott and Prescott Valley and Surrounding Quad Cities!
Simple Realty Professionals,1 N Macdonald #203
"Carlos Lizarraga, Tucson Realtor",1 S Church Ave
The Hone Team | Sammie Hone | Platinum Living Realty | Homes in Wickenburg,10 S Kerkes St Suite 4
Verde Ranch Estates,10 S Monarch Ln
Arizado Realty,100 E Fry Blvd
Bluewater Lagoon Office,100 E Riverfront Dr
Deanna Poppenberger - Integrity Prescott Real Estate Team,100 E Sheldon St
Jesse Lopez Realtor,100 E Sheldon St #200
Doug Bunch Group - Prescott Real Estate Professionals,100 E Sheldon St Suite 200
Listing Llama Real Estate Investment,100 N Gilbert Rd #203
Advantage Realty Professionals-Official Show Low Page,100 N White Mountain Rd
Amy Johnson & Partners- Advantage Realty Professionals,100 N White Mountain Rd #104
72Sold,100 Verde Valley School Rd Suite 110
Destyn Moreno The AZ Real Estate Go-To Girl,100 W Portland St
Brad Brauer | Broker's Hub Realty,100 W Portland St #106
Phoenix Real Estate Group,10000 N 31st Ave Suite B-108
AZ,10001 Third St
Wendi Cook Real Estate Lake Havasu City,1005 Circula De Hacienda
Re/Max Five Star Realty,1008 S Hopi Ave
Frank Bennett Realty Inc,101 E 1st Ave
PURE Property Management of Arizona,101 E 1st Ave #105
John Gluch Phoenix Real Estate Agent - EXP,101 N 1st Ave Suite 800
Sedona Sean,101 N State Rte 89A Suite C-116
"Modern Home Real Estate, LLC",101 S Main St ste a
Susan J Davis Realtor,101 South La Cañada Drive
"Laurie Brown, HomeSmart Pros Real Estate",101 South La Cañada Drive #63
Samantha Van de Roovaart - eXp Realty Yuma,101 W 16th St Ste A
KINO Group,101 W 16th St Suite A1256
"Better Homes and Gardens BloomTree Realty: Lori Burress, Realtor",101 W State Route 89A #C-11 The Shops at Pinon Pointe
Denmar Realty LLC,1010 E University Dr #1
Sold by Samantha,10105 E Vía Linda #102
On Q Property Management,1011 N Val Vista Dr #101
Mammoth Services,1011 N Val Vista Dr #102
On Q Realty,1011 N Val Vista Dr Suite #103
The Rebe Homes Team : Realty ONE Group,1011 W Elliot Rd
Michele Tyler: Luxury Real Estate Agent: DeLex Realty Scottsdale,10115 E Bell Rd STE 105
Lupita Valenzuela Realty,1012 N Grand Ave
Long Realty Douglas,1015 G Ave
Galeria de Coronado Townhomes,1016 Sentinel Peak Rd
SAFFORD NOTARY SERVICES - Brandon J Homer,102 E U.S. Hwy 70
Keller Williams Arizona Realty at Prescott,102 N Montezuma St
"Bree Fitzgerald, Prescott Realtor",102 W Gurley St
Better Homes and Gardens BloomTree Prescott,102 W Gurley St #102
Virgil Ross HomeSmart Realtor Yuma AZ,1020 S 4th Ave Suite 213
Casa del Sol,1020 S Carmichael Ave
National Realty of Arizona,1024 Willow Creek Rd E
Havapad Realty Group,103 El Dorado Ave S
Cabin Butler,103 Main St
Rex's Golden Eagle Realty,103 S Higley Rd
The Leach Team,1030 S Seldon Pl
RE/MAX Professionals,10320 W McDowell Rd n1446
Jen Daniels Arizona Homes Team - RE/MAX Professionals,10320 W McDowell Rd Suite N-1446
Gold Seal Realty,1033 Cll Camellia
Copper Star Real Estate,104 W Baseline Rd
RE/MAX Excalibur Real Estate,10458 E Jomax Rd Suite 100
CENTURY 21 Colorado River Realty,1047 AZ-95 #2b
Sarazona STR Property Management,105 Roadrunner Dr #3b
"Amy Hitt, Prescott Real Estate Agent",105 S Cortez St Suite 206
Suncrest,105 Toscanini Ave
"KeyGlee, LLC",1050 W Washington St #133
Mountain Pines Realty,1052 E Deuce of Clubs
Wine Country Properties,10580 E Swinging Bridge Ln
"Allan Duncan, Bankers Real Estate",106 S 9th St B
Rio Rico Homes & Land,1060 Yavapai Dr #2A
Phoenix Homes,10601 Hayden Rd
"Michael ""Smitty"" Smith - Real Estate Agent",10601 Hayden Rd I-100
Andrew Cannegieter REALTOR®,10602 S Camino Del Sol
"Paul Slaybaugh, Realty Executives",10607 Hayden Rd
Elite Home Team at EXP Realty,10609 Hayden Rd Suite E-108
TDH AZ,10650 AZ-69
Burns Realty Inc,1068 Camino Caralampi Ste 1
Copper Lodge Realty,1069 AZ-80
The AUsome team,10693 S Distillery Canyon Spring Dr
AZ New Horizon Realty Commercial,107 E 4th St
Sands Realty,107 N Cortez St #104
Long Realty - Uptown - Prescott,107 N Cortez St `07
"Southwest Mountain Realty, LLC. : Julie Pentico, PLLC.",107 W Wade Ln #5
Bailey Chavez at Coldwell Banker Northland,1075 AZ-260
"Anna Goettl, Coldwell Banker Northland",1075 AZ-260 Ste. D
Canyon Wren Property Management,1075 AZ-260 Suite A
"Ann Ziller, Coldwell Banker/Mabery",1075 S 1075 AZ-260
Jillian Moore-Hasenheyer -Realtor - Indie Realty,10752 S Bear Table Tank Dr
Acquire Realty,10765 Grand Ave
Arizona Metropolitan Realty and Management,1081 N Bedford Dr
Paul Hauer,10885 S Cobalt Rd
Zachary & Samantha Phelan Flagstaff's Best Real Estate Agents,109 E Aspen Ave
GREER CABIN KEEPERS,109 Main St
Christian Petris Realtor® - SunHaven Real Estate,109 N Leroux St
Silverleaf Realty,1098 Forest Highlands Dr
Comfort Realty,10980 N Johnson Rd
"Forest Properties, Inc. (AZ FPI ) - Show Low",11 E Deuce of Clubs
My Home Group Real Estate,110 S Priest Dr #101
SEI Real Estate Professionals,1100 W Hopi Dr
Desert Mountain Realty,1105 Industrial Dr
Living In Rim Country - Chris Wakefield - Realty Executives Arizona Territory,1107 S Beeline Hwy Suite 1
The Baldwin Group | eXp Realty,111 E Aspen Ave
da Vinci Realty LLC,111 E Aspen Ave #3
Roadrunner Estates,11100w W Alsdorf Rd
The Big Bear House and the Little Bears Den LLC,1111 S 6th St
Charles Martinet- Grand Canyon Realty,11111 N Scottsdale Rd Suite 205-Q
"Chris Kaufman, Realtor with A-Crew Team @ Libertas Real Estate",11142 N 165th Dr
"Gretchen Slaughter, Corcoran Platinum Living",1115 E Florence Blvd E
RE/MAX High Desert Realty,112 E Maley St
~Arizona Resource Realty~,112 W Bonita St
AgWest Farm Credit,1120 S 20th Ave
Redstone Properties,1120 W State Rte 89A Ste D5
Grand Welcome Sedona,1120 W State Rte 89A Suite A-1
Jackson Associates,1120 W University Ave #100
Right Price Realty,1120 W University Ave CB professional building
Scattered Rock Ranch,11200 S Hackberry Rd
Invitation Homes,1121 W Warner Rd
Realty ONE Group,11211 N Tatum Blvd #120
Gila Mountain Realty,11242 S Foothills Blvd
Coldwell Banker Yuma Foothills Realty,11242 S Foothills Blvd #5
Lisa Nissenbaum,1125 S Trails End
Partners Real Estate Group @ The Realty Agency,11274 S Fortuna Rd
Caleb Tuggle - The Realty Agency,11274 S Fortuna Rd D6
Carol Bennett-Realtor,11274 S Fortuna Rd d9
"Tashina Wood, The Realty Agency",11274 S Fortuna Rd Suite D6
"Jennifer Nieves, Realtor",11274 S Fortuna Rd. Suite D6 MH93+5W Fortuna Foothills
"Bernard C Doyle, Realtor",113 W Goodwin St
White Bear Realty LLC,1130 S 8th St
On the Greens Sales,1133 Nicklaus Dr
Arizona Best Real Estate,11333 N Scottsdale Rd Suite 100
Long Realty - Unlimited,11340 W Bell Rd #123
"Red Brick Property Management (Red Brick Realty, LLC)",1135 N Recker Rd Suite 102
Nicolle Karantinos Real Estate Team | Realty Executives International,1135 N Recker Rd UNIT 102
Michael A Pollack Real Estate Investments,1136 W Baseline Rd
"Donna White, CENTURY 21 Action Group Fthl",11361 S Foothills Blvd
Century 21 Action Group,11361 S Foothills Blvd #1
Century 21 Colorado River Realty,1137 AZ-95
"Irvin Cerda, Real Estate Agent in Yuma County",11375 S Fortuna Rd
ERA Matt Fischer Realtor-Foothills,11375 S Fortuna Rd Ste F
McNelly Real Estate Team,114 S 2nd St
Unbiased Options Real Estate,114 W Main St #17
RE/MAX Fine Properties- The Aguilera Team,1141 E Cooley St
Arizona’s Mountain Home Hunters -West USA Realty,1141 E Cooley St Suite Q
Peterson Agency Real Estate,1141 W Wickenburg Way
Creative Concepts Realty,11411 S Fortuna Rd
Jean DeRusha Real Estate Agent,11469 W Cll Del Sastre
Green Valley Villa - Green Valley Escapes,1148 W Mountain View
Montezuma Realty,115 S Montezuma Castle Hwy
Copper View Realty,115 W Esperanza Blvd Ste. 115F
4 Sons Realty ESVC,11509 N Braidwood Trail
LABS Rentals,1152 N Hohokam Dr B
"Charity Plumb, The PlumbLine Team with DreamView Realty",1157 E Fry Blvd
Lakeside,1157 Rainbow View Dr
"Eryn Ramirez, Yuma, AZ Foothills Real Estate",11593 S Fortuna Rd
"Genesis Real Estate & Management, LLC",1160 N Craycroft Rd
Realty ONE Group Gateway (Foothills HUB),11611 S Foothills Blvd Suite E
"Jack Whiteside, Realty Executives of Northern Arizona",1165 AZ-89A
Crescent Commercial Real Estate,1166 E Warner Rd #205
"Realty Executives, Yuma's Elite Group",11665 S Fortuna Rd
Mandi Brown ~ Realty Executives,11665 S Fortuna Rd Ste D
The Shelly Watne Group,11672 Manzanita Trail
"Forest Properties, Inc.",117 Main St
Tonto Basin Vacation Rental,117 Sally May Cir
"Creative Concepts Realty, LLC",11710 S Fortuna Rd suite c
Cross Creek Ranch by Oakwood Homes,1173 N Manana Ln
Kachina Properties,1177 E Ash St
Prescott Home Realty,1177 N Old Chisholm Trail UNIT B
25/8 Real Estate and Management,118 W Main St
LABS Rentals,1184 N Bankard Ave
Sundance Real Estate LLC,119 E Hopi Dr
Hello Home Real Estate and Property Management,119 Garden St #3c
All Seasons Properties,1191 E White Mountain Blvd
Casago,1195 W State Rte 89A Unit A
At Home Desert Realty,120 E Congress St
Arin Wheeler Realtor with Best Flagstaff Homes Realty,120 N Beaver St Suite 100
St. David Apartments,120 W Patton St
Daybreak At Bensch Ranch,12000 AZ-69
Port Royale Apartments,1201 Colombo Ave
Yardly Paradisi,12065 N 168th Ln
Legacy Business Brokers,1208 W Ocotillo St
Jan Tomlinson,1210 S Western Dr
C5 Property Management,1212 E Baseline Rd UNIT 104
Martinolich Real Estate Services,1215 Riverfront Dr
HomeSmart: THE POWERHOUSE GROUP,1215 S 5th Ave
"Betsy Kitchens, Associate Broker, Realtor, Service First Realty",122 N 7th St
"Sonny Lee, Service First Realty",122 N 7th St A
"Sarah Allen, REALTOR",122 N Cortez St Suite 103
Prescott Commercial Real Estate,122 N Cortez St Suite 300
"Ilona Poka, PLLC Your Favorite Real Estate Broker",1221 S Roosevelt St
Generation Real Estate and Rentals,12211 W Bell Rd #107
O'Keefe Real Estate Rental,12221 W Bell Rd 2nd floor
"John Gordon, Associate Broker, Coldwell Banker Realty",1224 S Valley Dr
Real Estate Brokers Intl,1226 E Harbor View Dr
Shull Homes,1228 S Sossaman Rd #109
Hancock-Leavitt,123 Main St
Ginsberg Group,123 N San Francisco St
"Northern Arizona Real Estate Team, Keller Williams Arizona Realty",123 W Birch Ave
Teddy Shonka - Real Estate,1230 E Jasper Ct
Long Realty Partners,1234 S Power Rd
Desert 2 Mountain Realty,1237 S Val Vista Dr
PHX Real Estate Collective,12370 N 83rd Ave #103
Pinal County House Buyer,1248 N Elizabeth Ct
Northridge Associates,125 Natchi Canyon Dr
Finisterra Apartments,1250 W Grove Pkwy
"Mark Thatcher Real Estate,LLC.",12545 W Burleigh Rd #12
Singer & Co. Properties,1255 Hancock Rd Ste 1
Tucson Realty Now,1255 N Placita de Josephina
Valley Executives Real Estate & Property Management LLC,1255 W Baseline Rd Suite B-139
Sierra Blanca Apartments,126 W Willow Ln
Gordon B Sampson- REALTY ONE GROUP MOUNTIAN DESERT,1260 AZ-89
Tera Wilson Prescott Real Estate,1260 S AZ-89 A
EXIT REALTY-REALTY PLACE,12614 S Gopher Rd
Casa Grande Appraisal Services,127 W Wilson St
Sun River Properties,1271 Baseline Rd
Lake Havasu City Properties: Caroline Pope,1271 Griffin Dr
All Arizona River Realty LLC,1275 Mohave Dr
SCENIC PROPERTY REALTY,12750 E Tierra Bella Rd
"Esteban Rosales REALTOR®, Realty One Group Gateway",128 W 32nd St
Pioneer Title Agency,128 W Grant Ave ste c
eXp Realty - Team Derrick Coates,1280 E Fry Blvd
Jamie Caswell,12875 E. Carrion Way
"72 Sold Matthew McKenney Servicing Gilbert, Chandler, Queen Creek , San Tan Valley",1298 E Arrowhead Trail
DiPeso Realty,130 N Haskell Ave
Housing America Corporation,130 N State Ave
"ARMLS (Arizona Regional Multiple Listing Service, Inc.)",130 S Priest Dr
Flite Goodyear,1300 S Litchfield Rd
"Victor M Rocha, REALTOR at Blossom Realty",1300 S Litchfield Rd Suite 115-D
Blossom Realty,1300 S Litchfield Rd Suite 115D
Walnut Creek Meadows Flagstaff,1300 S Milton Rd STE 119
Billie McGraw with Village Land Shoppe,1300 S Milton Rd UNIT 119
Joey and Lynsi MacGregor Torreon Real Estate- KWPHX Realty,1300 S Vine Maple Ln
Bella Terra Realty LLC,1301 Willow Creek Rd
The Holly Meneou Team,1304 Skyline Dr
CB Real Estate Property Management,1304 W Arizona Ave
Prestige Realty - Apartment Finder Locator,13041 N 35th Ave c1
RETHINK Real Estate,13059 W Grand Ave
Amazing Arizona Land Company,1308 Stockton Hill Rd
Ivory Towers Realty,13084 Sunland Gin Rd
RAB Realty and Property Management,131 W University Dr
Hawkins & Associates Realty,13108 Sunland Gin Rd #2749
Dpr Realty,13127 W Acoma Cir
Century 21,1316 N Broad St
"Damian Ramirez, HomeSmart Real Estate Services",13166 W McDowell Rd
"Andrew Piane, Realtor",13166 W McDowell Rd Ste B
Vail Realty,13200 E Colossal Cave Rd Suite 106
Rosenbaum Realty Group,1324 N Farrell Ct STE 109
Rancho Rio Real Estate,1325 N Tegner St
Re/Max HomeStores,1326 West AZ-92
"Amir Farzaneh, REALTOR",13289 W McDowell Rd
A.Z. & Associates - Goodyear,13289 W McDowell Rd Suite B
Sycamore Square,1329 AZ-89A
Brenda Cloud Realty Llc,1335 W 17th Pl
Buy Rent Surprise Az,13376 W Desert Ln
Del Lago Realty / Tim Oakes,13380 E Rex Molly Rd
Quality Hill Snuggly,134 Quality Hill Rd
The Envision Team,1343 E University Dr
The Rachael Richards Group at R·House Realty,1345 E Chandler Blvd STE 119
The Vicki Runyon Group,135 Park Ave
Robison Land & Realty Co. Inc.,1355 Ramar Rd # 6
Shannon Hakes Real Estate,1355 S Higley Rd STE 111
Home Realty,13551 W Camino Del Sol
Re/Max A Bar Z Realty,13590 Sunland Gin Rd
Dynamic Real Estate,136 W Main St #101
Realty ONE Group Integrity - South West,1360 W Irvington Rd #260
Laughlin Ranch Properties,1360 William Hardy Dr
THACHER REALTY,1368 East-West Dennis Rd
Sedona Home Connection LLC: Jim and Anne French,1370 AZ-89A #9
HomeLight,1375 N Scottsdale Rd
West Side Real Estate Pros,13794 W Waddell Rd Ste 203-111
Magnuson Real Estate,13802 N Scottsdale Rd Suite 151-239
Realty Executives Arizona Territory - Christopher Creek,1389 E Christopher Creek Loop
Arizona Legends Realty,139 N Frontier St
South Arizona Homes,13931 S Camino Los Picos
Zenith Properties AZ,13954 W Waddell Rd Ste 103-110
Integrity One Properties,14 Esplendor Dr
Long Realty Nogales/Rio Rico - Rio Rico,14 Esplendor Dr Ste. A
Angelica G. Sanchez | REALTOR,140 AZ-89
Prescott Arizona Real Estate with Andrea McIntyre and HomeSmart Fine Homes and Land,140 N Montezuma St
Sandy Broker,140 N Montezuma St #102
HomeSmart Fine Homes and Land,140 N Montezuma St STE 201
Kingman Land For Sale,1400 E Andy Devine Ave #210
Tempe REALTOR - Burton Cagen,1400 E Southern Ave #100
Kristi Smith - Realtor,1400 E Woolford Rd
Barry Nicks | Realty Executives AZ Territory,1400 E Woolford Rd SUITE B
Spring Valley Manor,14001 S Spring Ln
Karen Winton Realtor,1401 Prescott Lakes Pkwy
Nexus Property Management - Tempe AZ,1403 W 10th Pl
Cesar Ortiz Real Estate Agent,1409 S 5th Ave
Kristi Olson - Mortgage Broker and Realtor,141 N 6th St
Surprise Real Estate By George Brunton,14106 W Becker Ln
Erin Amos Realtor,1413 E White Mountain Blvd
Rely Property Management,14175 W Indian School Rd Suite B-4
Green Valley Casita - Green Valley Escapes,1420 W Desert Hills Dr
Cook & Associates Real Estate Advisors,14201 Hayden Rd Ste C-4
Selby Realty LLC,14224 Pierce Ferry Rd
SandCastle Team @ Keller Williams Realty Professional Partners,14239 W Bell Rd
Long Realty Sun City Grand Surprise AZ - Ratliff Group,14245 W Grand Ave
Darlene Briggeman,14245 W Grand Ave #1
Capstone Realty Professionals,1425 E McDowell Rd
"Brooks-Clark & Associates, Don Clark",1425 McCulloch Blvd N
Premier Real Estate Opportunities,1425 S Higley Rd #107
"#1 National Real Estate Network, LLC",1425 S Higley Rd Suite 101
The Helping Hands Real Estate Team,1425 W Elliot Rd Ste 103
HHB Group,1425 W Elliot Rd Ste. 104
The Land Office,14262 Pierce Ferry Rd
"The Tara Finch Group At Haymore Real Estate, LLC",143 S Quarterhorse Ave
Exp Realty : Alex LeBouton,14301 N 87th St #215
West USA Realty - Scottsdale - Greg Sidoff,14350 N 87th St Suite 170
Jetsource Enterprises UBO,14352 Pierce Ferry Rd
Evolve Realty,14362 N Frank Lloyd Wright Blvd Suite 1000
get MULTIfamily Property Management,1438 W Broadway Rd #101
Arizona Land Deals,1440 Corona Rd
"Mountain Retreat Realty Experts, LLC",1449 E White Mountain Blvd
Home Solutions AZ LLC,145 E University Dr #3
Mesquite Ranch Realty Inc,145 N Curtis Ave
Canopy at Cottonwood,1450 E Cottonwood Ln
"MPB Realty Services, Inc",1450 E Indian School Rd #104
Pinetop Hills,1450 S Emma Dr
"Nicki & Andrew Nichols, REALTORS | Nichols Group AZ, LLC",14520 W Ventura St
Superstars Realty LLC,14529 W Harvard St
Ravines Sales Office,14546 E 47th Ln
"Javier Avila, HomeSmart Yuma Team",1455 S 4th Ave suite 5
Carol & Company,1455 W 16th St Ste C
"The Beshk Group, Inc.",1455 W Redondo Dr
Old West Properties,146 Lewis Ave
Arroyos Quartzsite,1460 Pso Chico
Cambridge Properties,14602 N Tatum Blvd
Mesa Realty Inc,1461 E Garnet Ave
Highland Meadows Real Estate,1462 W Highland Meadows Dr
"James Steffler, Realtor",14624 W Hedgehog Pl
Berkshire Hathaway HomeServices,14635 N Kierland Blvd # 160
Queen Valley Properties Inc,1464 E Queen Valley Dr
Better Homes and Gardens Real Estate BloomTree Realty,1478 Sierry Peaks Dr
Leolinda Realty,14800 W Mountain View Blvd Suite 100
"Jonathan Droski, Realty ONE Group",14815 W Bell Rd #100
Realty ONE Group,14815 W Bell Rd Suite #206
"Todd Pooler, Realtor",14815 W Bell Rd Suite 100
"Shebang Realty - Surprise, AZ",14824 W Voltaire St
"Sedona Rentals & Property Management, Inc.",1487 W State Rte 89A #9
CLA Realty,1488 Sierry Peaks Dr
Cochise County Realty,149 N Frontage Rd
Promise Properties,1495 N V I P Blvd
Alta Goodyear,14965 W Encanto Blvd
Mingus Mountain Real Estate,14S S Main St
"April Knapp - Realtor & Property Manager, Realty Executives of Flagstaff",15 E Cherry Ave
"Gary Nelson, 2022 AZ Realtor of the Year",15 E Cherry Ave #101
Renee Gaun - Realty Executives of Flagstaff,15 E Cherry Ave #204
Shayna Thomas Realty Executives of Flagstaff,15 E Cherry Ave #205
Homes in Flagstaff,15 E Cherry Ave #301
Julie Sansone| Flagstaff Real Estate,15 E Cherry Ave Suite 100
Mason Swenson - Realtor at RE/MAX Fine Properties,15 Pinewood Blvd
The A Team - RE/MAX Foothills,15 Plaza #195
DreamWest Real Estate Services,15 Rojo Dr
"Belva's Real Estate, L.L.C.",150 N Main St
Better Homes and Gardens Real Estate Grand View North,1500 E Cedar Ave #8
REMAX: Surprise AZ Sharon Mason Associate Broker,15003 W Bell Rd
Shane Peters Realtor of Surprise,15003 W Bell Rd 5 125
Fort Mohave Dental,1501 Camp Mohave Rd #1
P.R.O Realty,1501 Gold Rush Rd
Villas at Meadow View,1501 Meadow View Pl
"LEADING EDGE REAL ESTATE, LLC",15010 N 78th Way Ste 107
Robert Scott - Realtor,15015 W Bell Rd #102
Barber Group Realty,15027 W Bell Rd
"RE/MAX: Ricardo ""Rick"" Ramirez",15027 W Bell Rd # 150
RE/MAX Professionals Surprise,15027 W Bell Rd Ste 150 Unit A8
vivasrentals,15028 S Camino Rio Puerco
The Vineyards at Cottonwood,1506 Sangria DR
Sedona Vista,1506 Sangria Drive
Mystic Mountain Realty,151 N White Mountain Rd
Castle Real Estate Group,15100 N 78th Way #205
Bartsch and Associates,1511 E Florence Blvd
Tri Phoenix Real Estate,15125 N Scottsdale Rd UNIT 833
BB Living at Civic Square,15125 W Oak St
AZ Real Estate Guys,15128 W Bell Rd
"Fabian Aguilar Realtor, West USA Realty",15128 W Bell Rd #10
Shelby Thatcher - Realtor with Quality Realty,1513 Canyon Rd
Northern Arizona Association of REALTORS,1515 E Cedar Ave # C-4
Melissa Camargo,1515 E Florence Blvd
Ivory Towers Realty,1515 E Florence Blvd Ste 112
Rebecca Martinez REALTOR - Scottsdale AZ Living,15160 Hayden Rd #205
Dan Gonen at RE/MAX Excalibur,15160 Hayden Rd suite 205
"James Wedell, Realtor-Phoenix area communities",15210 S 50th St Suite 130
EXP Your Home,15210 W Sweetwater Ave
Home Finders AZ @ Platinum First Realty,15225 N 40th St Suite # 115
Heather Heiligenthal Realty Executives,1525 S 5th Ave
Karen Kelly-Long Realty,15250 N Oracle Rd #110
Sheli Stoddart Surprise Az Realtor CDPE,15270 W Brookside Ln #121
VENDITA REALTY LLC,15282 W Brookside Ln
"Rachel Bistodeau, Realtor- eXp Realty",15282 W Brookside Ln #119
"Cortney Jones, Realtor | Investor | Coach & Trainer",1530 E Williams Field Rd #201
Real Broker,15322 W Bloomfield Rd
Surprise Realtor Todd Pooler,15329 W Old Oak Ln
Pro-Formance Realty Concepts,15331 W Bell Rd
"Impressive Real Estate Team, Marlon Avila Realtor",15331 W Bell Rd #212/25
Maureen Tatum Keller Williams Arizona Realty,15333 N Pima Rd #130
Keller Williams Arizona Realty,15333 N Pima Rd Suite Suite 130
Avilla Centerra Crossings,15390 W Centerra Dr
Long Realty Yuma,1540 S 2nd Ave #2
District at Civic Square,15400 W Monte Vista Rd
Avilla Meadows,15400 W Waddell Rd
Cyrene at Estrella,15430 W Baden St
Cluff Real Estate LLC,1551 E University Dr #1
Kathy Anderson Realtor,15543 N Reems Rd
"April Keys, REALTOR",15543 N Reems Rd Ste 139
Kingman Realty,1555 E Northern Ave
Karen Murray Live from the White Mountains,1555 W White Mountain Blvd
Advantage Realty Professionals-Official Lakeside Page,1555 W White Mountain Blvd # 2
Monson Luxury Group - The Noble Agency,15551 N Greenway Hayden Loop Ste 200
Long River Realty - Arizona Tim,157 Paseo del Sol Ave UNIT 100
St Germaine Enterprises,1570 Chateau Dr
95 Courtney,1575 E Courtney Pl #2
Mike Wise,1575 W State Rte 89A
Sun Valley Land Co,1577 N Pinal Ave
Realty Executives Arizona Territory - Tucson Marketplace,1580 E Tucson Marketplace Blvd #120
Higher Ground Realty,1580 Mainline Rd
Short Term Rental Property - Little Red Cowboy,1580 S Destry Ln
Courtney Park Apartments,1584 E Courtney Pl #2
Green Valley Hideaway - Green Valley Escapes,1585 W Placita Travis
Arizona Realty Club,15916 Pierce Ferry Rd Suite B
Ashley McGuire - Long Realty,15920 S Rancho Sahuarita Blvd Suite 180
Spectrum Exchange Corp,1593 Rio Verde Ln
Tamra Sprague,1595 Mohave Dr
ALL THINGS Real Estate! Buying With Brittney,1595 Mohave Dr #10
Alliance Properties AZ,15951 W Evans Dr
Christina Ballesteros Realtor (Bilingual) Myarizonarealtors.com,15991 S Camino Casal
"Service First Realty, LLC",1600 E Ash St
Golden Valley Property Management,1600 W Broadway Rd
Kelly & Call Commercial Real Estate and Business Brokerage,1600 W University Ave #218
ASAP Realty Group,1601 N 7th St Ste 210
Mountain Gate Development,1601 S Snow Creek Ct
Wishing Well Realty,16021 Pierce Ferry Rd
CENTURY 21 Northwest Realty - Glendale,16040 N 59th Ave
Mariposa Properties,1605 N Industrial Park Dr # B
"Chantal Bullock, Realty ONE Group Mountain Desert",1608 Stockton Hill Rd #104
Audrey Hudson- Realty ONE Group Mountain Desert,1608 Stockton Hill Rd Ste 104
Kimberly Jacobsen - Realtor,1608 Stockton Hill Rd Suite 104 Kingman AZ 86401
Lisa Turner Buy Havasu - Selman & Associates Real Estate,161 Swanson Ave # D
Judy Muselman Properties,161 Swanson Ave ste a
Tyler Ford - eXp Realty,1610 N Kolb Rd
Country Village of Chino Valley,1610 S AZ-89 C
Snow Creek Az,1610 S Snow Creek Ct
Suburban Real Estate Group,16101 S Delgado Rd
epicPHX Real Estate Group,1611 E Warner Rd #1
The Kothe Team at My Home Group,1616 N Litchfield Rd
Erik Rodriguez at My Home Group,1616 N Litchfield Rd Ste 270
Thatcher Realtors,1616 S Kentucky St Suite B-126
Flagstaff Condos,16165 N 83rd Ave
Flagstaff Real Estate Deals,16165 N 83rd Ave Suite 200
Alissa Macias- KeyHole Prooperties,1618 S 1st Ave
Nikkie Miller Wickenburg Realtor,162 E Wickenburg Way
Forest View Realty of Arizona,162 E Wickenburg Way UNIT 5
Alta Surprise,16230 N Litchfield Rd
Raquel Quinet & The Results Group Real Estate Team~ Keller Williams,1626 N Litchfield Rd
"Benjamin Bustos, Realtor , Libertas Real Estate",1626 N Litchfield Rd #260
PMD Realty Group,1626 N Litchfield Rd Suite 260B
Fred Leeds Properties AZ,1627 Havasupai Dr Building 6
Berkshire Hathaway HomeServices Arizona Properties- Mesa,1630 S Stapley Dr # 100
Gregory Garcia Real Estate Agent Surprise,16346 N 171st Dr
Stallings & Long Realty Services,1635 E Ash St
Canyon View Realty,1635 N 1st St
Goodyear Real Estate,16364 W Durango St
"West USA Realty - Kathy Moum CRP, CRP",1640 S Stapley Dr
Dave Larsen-Real Estate Wealth Manager,1640 S Stapley Dr #124
Paramount Valley Realty,16404 W Questa Dr
Dwellings Realty Group,16412 N 92nd St #115
Kelly Griffin Porter - @ RE/MAX Fine Properties,16451 N Scottsdale Rd #101
The Residences at Stadium Village,16485 N Stadium Way
Buy More Time Short Term Rental Management,165 E Southern Ave APT 201
Vista Ridge Sedona,165 Sombart Ln
Virna Fratt - Tierra Antiqua Realty,1650 E River Rd
Tierra Antigua Realty - Foothills | Central,1650 E River Rd #202
Bellagio Real Estate Casa Grande,1653 E McMurray Blvd suite 144
Friends At The River Realty,1662 Willow Dr
Laurie McCain Realty,1665 E White Mountain Blvd
Tierra Antigua Realty - Krista Benavides - Willcox & Cochise County,167 N Haskell Ave
Scott Schulte LLC - Real Estate,16763 W Tonbridge St
Sun Valley Parkway Team,16772 W Bell Rd
Pete Peterson - Stratton Real Estate Group,168 E 4th St
Bob Corbell Realtor at Curtis Real Estate LLC,1680 W Thatcher Blvd
Josée Plant Home Realty Surprise Arizona,16819 W Palisade Trail Ln
Town Surprise,16830 N 141st Ave
"Gabrielle Foote, Realtor",1685 Stratford Pl
Cheri Kaye REALTOR Realty One Group Mountain Desert,1689 AZ-89
John Shaver Cochise County Realtor,169 N Frontage Rd
Pam Sproul Associate Broker Cochise County Realtor/Consultant,169 N Frontage Rd suite a
"Courtney Adcock, Cochise County Realtor",169 N Frontage Rd Suite B
Caroline Pope -Lake Havasu Properties,1690 McCulloch Blvd N
Lake Havasu City Properties: Carol Sanders,1690 McCulloch Blvd N #102
Cordova Realty,1690 N Stone Ave Suite 117
A Level Up Realty LLC.,1690 N Stone Ave SUITE 210
"Dixie Rojas, Yuma Realtor",1690 S 4th Ave
Diana Arvizu - Realty Executives,1690 S 4th Ave St 1
HomeSmart River Realty,1695 Mesquite Ave STE 202
Sedona Serai,170 Appaloosa Dr
First West Properties Corporation,1700 AZ-92
Mike Lueck Desert Time Realty,1700 Lakeside Dr
Realty Executives,1700 S 1st Ave # 201
"Real Estate Investment Solutions, LLC.",1700 S 1st Ave #118
Caroline Auza Development Yuma,1700 S 1st Ave #214
Mike Porter Realty Executives,1700 S 1st Ave Suite 200
Werth Realty,1702 E Prince Rd # 110
"Eryn Ramirez Yuma, AZ Real Estate",1706 S 4th Ave
Deer Run Retreat,17090 Deer Run Rd
Tucson Realty Now,1710 N Cll Pasto
The Maxx 159,1711 N 159th Ave
Prudential River City Properties,1711 Stockton Hill Rd
Berkshire Hathaway - Simon Fort - Associate Broker,172 E Sheldon St
BERKSHIRE HATHAWAY HOMESERVICES Arizona Properties Richelle Mills Realtor,172 E Sheldon St A
Coldwell Banker Realty - Tempe-Ahwatukee,1720 E Warner Rd ste 20-1
"Maggie True, Broker-Realtor | Certified Notary Signing Agent",1720 E Warner Rd Suite 1
Surprise Realty,17200 Bell Rd #2475
Chip Neiculescu Real Estate Agent with Home Smart,17215 N 72nd Dr
Home Smart Glendale Ali Al-Asady,17215 N 72nd Dr #115
June Palmer - The Palmer Team - Real Estate Experts,17215 N 72nd Dr Bldg B #120
HomeSmart - Mark Meekins Real Estate,17215 N 72nd Dr bldg b ste 115
Emmanuel Warda - Realtor,17215 N 72nd Dr bldg b suite 115
DeLex Realty,17224 N 43rd Ave # 107
Homes For Sale Real Estate AZ Angela Murray,17235 N 75th Ave
J.P. Cook Real Estate,17235 N 75th Ave #190
"Paulette Davis, REALTOR® - Realty ONE Group - Team AZ Real Estate",17235 N 75th Ave #C-190
Bridgette Michel - Realty One Group,17235 N 75th Ave C190
HouzAZ & Associates - Realty One Group,17235 N 75th Ave Suite C 190
"Feliks Mlynarczyk, Arizona Prime Real Estate",1725 W State Rte 89A #6
Jody Emerald,173 W S Main St
Blue River Realty,1730 AZ-95
Keller Williams Southern Arizona,1730 E River Rd # 200
TEAM SOMERS,1731 Mesquite Ave #3
HOMES IN AZ-Find Your Next Home!,17323 W Fetlock Trail Ste 1
Perk Prop Real Estate,1733 N Greenfield Rd #104
Kesselring Homes-Phoenix -Real Estate Agent,1734 W Amberwood Dr
Commercial Investment Real Estate Mohave County AZ,1735 E Lipan Blvd
Around the River Publishing,1740 Gardner Rd
Munds Park Retreat.,17415 Crystal Brook Rd
United Country Robinette & Associates,1742 N Pinal Ave # 2
"RE/MAX: Augusto ""Goose"" Diaz Jr",1744 AZ-95 Ste 2
Elite Results Team with My Home Group,1744 S Val Vista Dr #206
Cheryl Maynard Coldwell Banker Realty,17445 South La Cañada Drive
Canyon Ridge Apartments,17447 Ave of the Arts
HomeSmart Real Estate - KwokProperties,1745 S Alma School Rd
KCN Lifestyle Homes of the White Mountains,1746 E White Mountain Blvd Suite 5
Kim Daniell's Properties,1748 AZ-95
Keller Williams Arizona Living Realty Flagstaff,1750 Railroad Spring Blvd #3
Danette Otzen -Realtor with Russ Lyon Sotheby’s International,1750 S Woodlands Village Blvd
Adam Benton,1750 S Woodlands Village Blvd #200
Kristina Webb PLLC,1750 S Woodlands Village Blvd Ste. 200
Sierra Canyon,17500 N 67th Ave
Arizona Best Real Estate - Glendale,17505 N 79th Ave #211g
"Homes By Jan | Jannan Tamou, REALTOR | Prestige Realty",17505 N 79th Ave #212
Brent Kastanowski at Real Broker,17505 N 79th Ave #309
Prestige Realty Inc.,17505 N 79th Ave #311a
1st Class Real Estate Agency,17505 N 79th Ave Ste. 211-F
Jeanne Reimer & Associates,1751 AZ-95 # 55
Appletree Apartments,1752 Jackson Ln
Superstars Realty Munds Park,17530 San Carlos Dr
Arizona Kosher Resorts,1755 N Agave St
CENTURY 21 Northwest - Tempe,1755 W University Dr Suite 115
"Asher Cohen - BUYAZRE at Realty ONE Group, REALTORS",17550 N Perimeter Dr #160
Scottsdale Real Estate by Matt McCormick,17550 N Perimeter Dr Suite 150
"Chris Dunham, The Real Estate Guy",1757 E Baseline Rd Ste 107
JK Realty LLC,1760 E Pecos Rd ste 501
Team AZ Realty,1760 E Pecos Rd Unit 501
Estia Surprise Farms,17701 W Bell Rd
West USA Realty Inc,17750 Elliot Rd #116
Homes In Estrella Mountain,17750 W Elliot Rd #116
Cherie Moore Realtor,1776 E San Xavier Dr
"Lisa Westcott, RETSY - Forbes Global Properties",17767 N Scottsdale Rd #305
Arizona 55+ Communities,17774 W Sammy Way
Allora Surprise,17785 W Bell Rd
EVR Porter,17805 N Porter Rd
CENTURY 21 Arizona West,1781 AZ-69 #39
Arrowhead ranch,1781 E El Rodeo Rd
Wylde Vacation Rentals,1785 W State Rte 89A #2c
"Samantha Stellar, REALTOR® - Foothills Property Management",1785 W State Rte 89A Ste 2G
"TJ Chase Realty Group, Inc.",1787 N Terrace Cir
Valley Rental,17870 Golden Pond
Lunts Dairy,179 Dairy Loop
Carm's Realty,1790 N Mastick Way E
Promenade at Grand,17927 N Parkview Pl
My Home Group Real Estate,18 N Magma Ave
Green Acres,180 Green Acres Wy
Park Meadows Apartments,180 S Highland Drive Taylor
Coldwell Banker Residential Brokerage :Jim Callery,180 W Continental Rd
Brent Self-Realtor- Coldwell Banker Realty,180 W Continental Rd Ste 100
Ramon Ross - Realtor,180 W Continental Rd Ste100
Flagstaff Second Homes,1800 S Milton Rd
Libertas Real Estate,18001 N 79th Ave B42
"Monique Reid, Realtor",18001 N 79th Ave Suite B#42
Shalamar Realty,1801 W Deuce of Clubs
SEI Real Estate Professionals,1801 W Deuce of Clubs Ste. 230
"LONG M. NGUYEN - REALTOR, INVESTOR, HOMEOWNER - Vietnamese Realtor - mua và bán ??a ?c",1805 N 91st Ave # 105
Menlo Group,1809 S Holbrook Ln #101
Green Forest Estates,181 N 6th Dr
J Bar E Land & Cattle,1811 Stagecoach Loop
Mercer Realty,1812 AZ-95
Chambers Realty Group,1812 Stockton Hill Rd
Oracle Land & Homes,1812 W American Ave
Active Real Estate,18205 N 51st Ave Suite 115
Agave Premier Properties,1821 N Mastick Way
"Yvette M. Palmer, REALTOR | Agave Premier Properties",1821 N Mastick Way Suite 3
Derek Chisam - West USA Realty,1824 AZ-260
"Teri Meacham, West USA Realty",1824 AZ-260 Ste A
Valley King Properties,1831 E Southern Ave
Mesa Community College Real Estate Program,1833 W Southern Ave
Buck Reynolds Real Estate,1834 AZ-95
SHANNON BISZANTZ REALTOR FOR SURPRISE,18344 N Hartford Dr
HomeSmart Mesa,1839 S Alma School Rd Suite 141
Sundance Real Estate LLC,184 Main St
Best Results Realty AZ,1840 AZ-95 #1
eXp Realty Arizona,1840 E Warner Rd
"Aurora Sky Realty, LLC",1843 Paseo San Luis
"Position Realty - Results, No Excuses",18444 N 25th Ave #420
Engel & Völkers Gilbert,1849 E Williams Field Rd #107
Kelly Garcia - Realtor,1849 N Kolb Rd
Anja @ KellerWilliams Realty,185 S Moorman Ave
Brewer Real Estate Team Luxury Homes Chandler Gilbert Queen Creek Arizona Homes / West USA,1850 E Northrop Blvd
"Jeremy Waters, Your Arizona Realtor",18509 N Falcon Ln
Zen Rent Property Management,1855 E Southern Ave #112
Beehive Property Managment,1855 E Southern Ave UNIT 212
Buy Felisha Gilbert Arizona Realtor,1857 S Racine Ln
"Brook1500 Land, LLC",1858 AZ-95
Bradley Properties,1858 Paseo San Luis Ste. A
Sell My House Prescott Az,186 E Sheldon St #1018
Rachel Clark | Tucson Realtor | eXp Realty,1860 E River Rd
Acclaimed Realty Group LLC,1860 N State Dr # 3
Karen Boarman - Realtor * Realty Executives AZ Territory,1865 W State Rte 89A #C
Sylvia Clark | Lake Havasu Real Estate,1871 N Kiowa Blvd
"Deborah Borgerding Realtor, Green Valley AZ real estate",18745 I-19 Frontage Rd
"Justine Lewis, Realtor®, ABR®, SRES®, SRS - Tierra Antigua Realty",18745 I-19 Frontage Rd A105
Caroline Reilly | Tierra Antigua Realty,18745 S I 19 Frontage Rd
Copper View Realty,18745 S I 19 Frontage Rd #105
Tierra Antigua Realty - Green Valley,18745 S I 19 Frontage Rd A105
David Masterson - Tierra Antigua Realty,18745 S I 19 Frontage Rd Ste A-105
Kim Martonosi - Tierra Antigua Realty,18745 S I 19 Frontage Rd Suite A105
Realty Executives Arizona Territory - Green Valley/Sahuarita,18767 S Nogales Hwy
Michael Gonzales Real Estate Agent,18767 S Nogales Hwy Ste 125
Alan Aronoff | Long Realty,1880 E River Rd
Realty ONE Group Integrity - Green Valley,190 W Continental Rd #200
"Blaire Lometti, Realtor- Tierra Antigua Realty",190 W Continental Rd #220
"Becky Payne, Century 21 Flagstaff Realty",1900 N Country Club Dr
Redfin | Phoenix Real Estate Agents,1900 W University Dr Ste 205
Achieve Realty,1902 E Shasta Lake Dr
Karen Huff - Your Realty Office,19021 W Culver St
Penny Bernal - Southern Arizona's Real Estate Professional,1911 N Placita Yoas
Turn Key Home Inspection,1912 Owens Lake Dr
Long Realty Yuma San Luis,1914 Cesar Chavez Blvd Suite 2
Winslow Apartment Company,1914 W 3rd St Suite A
REALTY EXECUTIVES LAKE HAVASU CITY,1915 McCulloch Blvd N #104
eXp Realty Super Block,1915 McCulloch Blvd N Suite A
West Valley Real Estate Inc.,1916 Pine Dr
Kingman Realty Executives Kingman Elite,1916 Stockton Hill Rd
Rainbow Lake Hideaway,1917 Lee Reese Dr
Kelly Herrington - Realtor,1919 N Trekell Rd
Kay Kerby and Sarah Campbell @ Coldwell Banker Rox Realty,1919 N Trekell Rd C
"Erin Dugan, Realtor",1919 N Trekell Rd Ste. E
ROX Commercial,1919 N Trekell Rd Suite B
19 Pines rental cabin,1919 Sierra Pine Loop
Ron Trinka Real Estate,19223 W McDowell Rd
Kingman Golden Valley Association of REALTORS®,1923 Kino Ave
Luxe 1930,1930 N Country Club Dr
Apartment Options,1930 S Alma School Rd b101
Valley King Properties,1930 S Dobson Rd #5
Selling AZ Homes Team,19312 N 76th Dr
"Barry Fisher: Realtor @ Real Broker AZ, LLC",19338 N Portarosa Dr
Terry’s Real Estate Investments,19420 N 59th Ave A104
Tucson Realty Now,1946 E Longspur Pl
HomeRiver Group Lake Havasu City Property Management,1947 McCulloch Blvd N #102
E & G Real Estate Services,1949 E Broadway Rd
"Natasha Weninger Sells Sedona, Realtor",195 AZ-89A
Carol Roehner - Sedona Real Estate Agent,195 N State Rte 89A
Arizona Realty in Ajo,195 Plaza #195
Clara Cantu-Leach Realtor,195 W Arizona 89a
Coldwell Banker Realty - Sedona Office,195 W State Rte 89A
Sheri Sperry Coldwell Banker Realty,195 W. SR 89A
VELIA DEUPREE REMAX FRONT DESK SAN LUIS AZ,1950 E Juan Sanchez Blvd
Coldwell Banker Realty - Sun City Grand,19509 N Sunrise Blvd #8
Glendale Realtor - Daniel Pitner,19520 N 61st Ln
Real Property Management Northern Arizona,1953 AZ-95
"Max Fisher, Commercial Real Estate Broker",1955 W Grant Rd
Bullhead City Real Estate,1957 AZ-95 #19
Signature Premier Realty,1959 S Val Vista Dr UNIT 132
United Country-Arizona Country Real Estate,1965 Commerce Center Cir c
Bellagio Executive Plaza Peart Rd.,1968 N Peart Rd unit 102 bldg 1
"Candace Currey, Realty ONE Group Mountain Desert",1971 McCulloch Blvd #102
Nikki Miller Realtor - Realty One Group Mountain Desert,1971 McCulloch Blvd N #102
Kristina Horton Realtor,1971 McCulloch Blvd N Ste. 102
"Brooke Kurtz, Realty ONE Group Mountain Desert",1971 McCulloch Blvd N Suite 102
Teri Tobar - Realty One Group Mountain Desert,1971 McCulloch Blvd N Suite: 102
"Diane Dahlin, Diane Dahlin's Pine Rim Realty",1973 Red Deer Run
GOODRICH SELLS HOMES: Brandy Goodrich,19756 N John Wayne Pkwy
HomeSmart Success,19756 N John Wayne Pkwy #100
Realtor Crystal Runyon HomeSmart Success,19756 N John Wayne Pkwy STE 100
"Nancy Garera, REALTOR",19756 N Maricopa Rd STE 100
Christy Walker,19820 N 7th St #110
White Tank Properties,19839 N 267th Ave
Treaccar Realty,19887 US-93
PHIL ANNETT,1990 McCulloch Blvd N
Mary Wells Sells,1990 N McCulloch Blvd N #109
"ERA Four Feathers Realty, LC",1993 Frontage Rd #105
"Cody Hoyer, REALTOR Associate Broker with ERA Four Feathers Realty, LC",1993 S Frontage Rd #105
Alpine Buckboard Cabins,2 County Rd 2141
Remax Homestores,2 Main St
Phoenix Wholesale Property,2 N Central Ave
Gary Brasher,2 Tubac Rd
AZ Uptown Homes,20 Brewery Ave
Mesa City Real Estate Services,20 E Main St #500
"Melody Riccobono, Provident Partners Realty",20 Pinewood Blvd
Alejandro Sedona Real Estate,20 Roadrunner Dr
Sedona Vacation Property Management | VacayAZ,20 Roadrunner Dr b
Elisa Andreis Sedona Real Estate,20 Roadrunner Dr suite a
First United Realty,20 S 2nd St W
Real Estate Listings & Services,200 S Leroux St
Santa Fe Realty Inc,200 S Leroux St #101
Danny White Real Estate,2000 McCulloch Blvd N
"Amy Kleefisch - Realtor - Lake Havasu City, AZ",2000 McCulloch Blvd N Suite 101
CENTURY 21 Arizona West,2000 W Wickenburg Way
"Anna Thibault, PLLC",2000 W Wickenburg Way #100
"charlotte bohner, Century 21 Arizona West",2000 W Wickenburg Way #200
"Bryan Burns, MBA - Century 21 Barbara Ricca Realty",2002 Stockton Hill Rd #102
Empire Title Agency - Maricopa,20046 N John Wayne Pkwy STE 106A
Keller Williams Northeast Realty,2005 W Happy Valley Rd #150
Phoenix Local Real Estate,2008 W Forest Pleasant Pl
Ransom's Hideout,201 N 5th St
"Prescott AZ Real Estate/Derek Bresson, Iannelli & Associates Real Estate",201 N Alarcon St suite f
Tucson Real Estate Division,201 N Stone Ave
Harley Hendricks Realty,201 W 2nd St
Kim Ross Team Realty Executives Arizona Territory,201 W Main St suite h
W and Partners,20100 N 51st Ave STE E510
Home Right | Real Estate Agents in Prescott Arizona,202 N Granite St # 202
The Peaks Thumb Butte Realty,202 W Gurley St
"Jessica Topol, Realtor",2020 Silver Creek Rd # D101
Country Ranch Realty,2020 Silver Creek Rd Ste C109
Chino Meadows III,2022 Hualapai Dr
"Team Clayton Real Estate, Tom, Janet and Kyle",20241 N 67th Ave
RE/MAX Professionals : Cindy Clark,20241 N 67th Ave A-1
"Ben Orozco, RE/MAX Professionals",20241 N 67th Ave Suite A1
Fort Lowell Realty & Property Management,2026 E Prince Rd
COR Property Management,20280 N 59th Ave Ste 115 # 628
Cordes Junction Realty: Annette Eustace,20282 E Stagecoach Trail
Sheridan Property Group,203 W Willis St
Via Realty,2030 E Broadway Blvd UNIT 108
Golden Valley Real Estate,2030 W Ave O 4
Integrity Arizona Real Estate Sales,2035 Swanson Ave
Gregory Shoemaker - Oak Realty,2035 US-60
Glendale Real Estate Information,20359 N 59th Ave
"Linda Booker, REALTOR",20359 N 59th Ave Suite 102
APX Real Estate Group,2036 McCulloch Blvd N
"Tanya Stiegemeier, Tombstone Real Estate",204 E Fremont St
Tombstone Real Estate,204 W Fremont St
White Drive,204 White Dr
Tempe Vista,2045 E Broadway Rd
"Pine Cone Cabin, LLC",2045 Pine Cone Ln
Platinum Integrity Real Estate,20474 W Canyon Dr
Blue Moon Bungalows Vacation Rentals,205 Douglas St
Pine Shadows,2050 AZ-89A
Delta Properties,2050 N Smokey Ln
The Sandy Norman Team,2050 Palo Verde Blvd N
CORE Realty Professionals,2050 S Woodlands Village Blvd Suite 1
"Arizona Luxury Real Estate, LLC",20511 Hayden Rd #115
"Erica Rivera, Realtor",2052 S 4th Ave
The Realty Agency,2052 S 4th Ave A
"Jessica Tuggle, The Realty Agency",2052 S 4th Ave B
"Ron Weldon, REALTOR - Realty ONE Group - Surprise, AZ",20525 N Vermillion Cliffs Dr
Reed Verrado Real Estate,20557 W Maiden Ln
The Cameron,2062 E Cameron Wy
Long Realty Jasper Associates,20645 N Pima Rd Suite 120
"Amy Hayslett, REALTOR",20663 W Grandview Dr
Windmill Ranch Chino Valley Short Term Home Rental,2070 W Rd 2 N
Avalon EcoVillage,2074 Pendleton Dr
"Shelley Buckman, Realty One Group, Mountain Desert",2076 S Woodlands Village Blvd #101
KW Commercial Infinity Group,2077 E Warner Rd
Larry Djinis - Tempe Real Estate Agent,2077 E Warner Rd # 110
Cynthia Worley | Keller Williams Realty East Valley,2077 E Warner Rd Suite Number 110
Pioneer Title Agency,208 N Main St
Dorfski Properties,20946 W Cora Vista
"Exodus Property Solutions, LLC",20987 N John Wayne Pkwy
IMPRESA REAL ESTATE,20997 W Sage Hill Rd
"Mohave Realty, Inc.",21 Acoma Blvd S
Urban Realty & Development,21 E 6th St
Green Valley Sahuarita Association of Realtors,210 W Continental Rd
RE/MAX Select - Green Valley,210 W Continental Rd Suite 216A
ARIZONA HomeStores,2100 Paseo San Luis
Tempe Office Space,2102 E 5th St
Stratton Group - Keller Williams Southern Arizona,2102 N Country Club Rd #9
Joey Castillo - Volk Company Commercial Real Estate,2102 N Country Club Rd Suite 7
Main Street Lofts at Verrado Apartments,21068 W Main St
Baritone Home Buyers,2111 E Baseline Rd #F3
The White Mountain Rentals,2112 Bonney Ln
Redfield Realty,21154 W Main St
Jim Amerine-Realty Executives,2133 E Warner Rd #105
Realty Executives - Tempe,2133 E Warner Rd Ste 105
Sibbach Team - Top Tempe Real Estate Agents,2141 E Broadway Rd #101
Desert Heritage Real Estate,21448 N 75th Ave
Prescott Premier Properties,215 E Goodwin St
Realty Foremost,2156 McCulloch Blvd N #5
Tierra Antigua Realty - Downtown,216 E Congress St
Good Oak Real Estate,2200 E Williams Field Rd Suite 200
A Tri State Home Inspections,2202 Jamie Ct
"Century 21 Seago, Inc",2226 S McClintock Dr
Van Horn Mickey Realty Exctvs,2260 S 4th Ave D
KRK Realty and Management,227 S Smith Rd #103
"Airen Sapp, RE/MAX Sedona",2290 W State Rte 89A
Lake Havasu Board of Realtors,2293 Swanson Ave
Quail Run Realty,22941 W Lasso Ln
Real Broker,2296 N Presidential Dr
American Associates,2310 S McClintock Dr
LOVE MY AZ REAL ESTATE,23131 Durango St
Shane Koury- Broker Mountain Top Realty,2320 S Pleasantview
"Commercial Properties, Inc.",2323 W University Dr
The Retreat at Rio Salado,2325 E Rio Salado Pkwy
Austin Rubi - Real Estate Agent,2350 N Delaney Dr
Red Sedona,2370 W State Rte 89A #11-268
parker & Associates realty,23910 W MC 85
"York Estates, LLC",24 Shady Ln
Jason Ng - Arizona Chinese Realtor® ????? ???????,2403 Pebble Creek Pkwy Suite 101
"Lori Chambers, Realtor",2404 Stockton Hill Rd A
Lauri Barker - Associate Broker/Realtor® Re/Max Prestige Properties,2404 Stockton Hill Rd STE A
Fulton Homes - Silverado at Escalante,24232 N 162nd Ave
KB Home Mystic Vista Traditions,24380 W Pecan Rd
Shrader Realty & Associates,2450 S 4th Ave # 119
"AZ High Country Real Estate, Jeanine Robinson",2450 S White Mountain Rd
Century 21 Desert Estates Realty,2460 W Happy Valley Rd Suite 1172
Sara Reidhead realtor - west USA realty,2482 E White Mountain Blvd
Bev Best - West USA,2482 E White Mountain Blvd Suite #B
Terralane at Canyon Trails South,25 N 173RD Ave
Donna Langley,250 N Litchfield Rd suite 261
Riverwood Apartments,25157 W Beloat Rd
Williams Realty Group Inc.,25185 Madison Ave Suite A
Grumpy Toad's Getaway,2525 Waters Edge Ln
Flagstaff Innovative Realty,2526 E Jeffrey Loop
Black Mountain Valley Realty Bullhead City,2585 Miracle Mile STE 128
MadiGray Holdings LLC.,25854 W Hilton Ave
Help-U-Sell Mike Bowling,2589 E 24th St Suite #4
Mountain Realty,2601 W Maple Ln
Pivotal Real Estate Solutions LLC,2627 E Virginia St
"Gary Smith, Realtor - Sun Valley Elite Homes",26381 W Abraham Ln
US Consolidated Farm Services Agency,267 N 8th Ave
DPR Realty,2700 S Dean Rd
Pines Condominiums Hoa,2700 S White Mountain Rd
Clyde Hurst /Eagle Realty,2701 E Andy Devine Ave
Eagle Realty,2701 E Andy Devine Ave #300
"RE/MAX Fine Properties, Tamie Aguilera Branch Manager & Realtor",2707 S White Mountain Rd Suite G
Legacy Real Estate Team at Exp,2707 S White Mountain Rd Suite I
HomeSmart Agent,27157 W Marco Polo Rd
Cabin Fever,2742 Bobcat Trail
Russ Lyon Sotheby's International Realty,275 E Rivulon Blvd #100
ERA Matt Fischer Realtor,2755 S 4th Ave Suite 100
Tim Allen - Realtor,2775 Miracle Mile STE 3
Marc Kofford Realty,2800 Hualapai Mountain rd.
Lindsay Lowry Realtor,2800 Hualapai Mountain Road Ste G Kingman AZ 86401
Condo Relaxeau,2804 Park Cir
Courtney Bullock REALTOR®? with RE/MAX Cornerstone,28260 N Tatum Blvd Ste A-4
RE/MAX Cornerstone,28260 N Tatum Blvd Suite 4
Spring Hill Cabins on Rainbow Lake,2856 Spring Dr
Hank Greer - Realtor,28693 Old Town Front St Suite 400 A
Oasis in the Desert Cave Creek,28720 N 43rd St
O-7 RANCH,288 Gold Mine Dr
"Options & Opportunities, LLC",289 Boulder Ln
"First United Realty, Inc",289 Main St
Lazy Dog Retreat LLC,291 S 16th Ave
East Mesa Realtor,2913 N Power Rd #102
Brad Broyles - Commercial Real Estate Options,2913 N Power Rd STE 108
AZ Properties Team,2916 Stockton Hill Rd
Kortright Group-eXp Realty,2920 Litchfield Rd
Carl Anderson Real Estate Team,2920 N Litchfield Rd #100
Ewen Real Estate Team at West USA Realty,2920 N Litchfield Rd Suite # 100
Pottinger Realty LLC,2921 N Grand Ave
AZ Real Estate Dan,29239 N 43rd St
"Betsy Smith, REALTOR & Real Estate Agents, Realty ONE Group, Goodyear",2950 N Litchfield Rd
Cactus Wren Realty,296 Charles Dr
Glenn Realty,298 E 4th St
The Altman Group | Real Estate,2980 N Litchfield Rd #110
"Wholesum Farms Arizona, L.L.C",2986 W Frontage Rd
Azure Creek,29862 N Tatum Blvd
TCT Real Estate,2990 N Litchfield Rd #105
Prose at Ballpark Village,2999 Estrella Pkwy
Fort Mohave,29VH+47
River Rats Realty,3031 Rosewood Ave
Arizona Luxury & Lifestyle Living,30407 N 55th Way
Mountain Park Townhomes,3060 E Show Low Lake Rd #402
Good Company Real Estate,310 S Mill Ave Suite A210
RE/MAX Five Star Realty,3100 Needles Hwy Suite 1000
Realty ONE Group - Chandler,3100 W Ray Rd #100
"Life Real Estate - Michelle Shelton, Real Estate Broker",3100 W Ray Rd #201
Green Valley Vacation Rentals,3114 Vía Del Tirol
Equity Star Realty,3120 W Carefree Hwy
USELLSMART REAL ESTATE,3120 W Carefree Hwy #632
Yost Realty Group at RE/MAX Casa Grande,317 E Cottonwood Ln Suite C
Sedona.org,3190 W State Rte 89A #400
Sedona.org Vacation Rentals,3190 W State Rte 89A Suite 550
Wickenberg Ranch,3195 Dusty Trl Dr
Arizona My Home Realty,320 E 4th Ave
RE/MAX by the Lake,321 Lake Havasu Ave #102
Flagstaff Top Producers Real Estate,323 S River Run Rd #2
Bridget Brennan,32409 N Scottsdale Rd Suite 103
Century 21 Success Realty,3241 N Grand Ave
Long Realty Sonoita/Patagonia - Patagonia,325 McKeown Ave
River City Realty,331 Park Ridge Cove
Wickenburg Ranch,3312 Maverick Dr
White Mountain Association-Realtors,3320 Kay Rd
Jason Grimes White Mountain Property,3350 W Sugar Pine Way
Platinum Realty Network,33717 N Scottsdale Rd Ste 105
cave creek horse property,33765 N Scottsdale Rd
Blue Sky Home Solutions,33801 N 43rd St
The Rev,3409 S Rural Rd
Sonoran Properties Associates,34165 N 71st Way
Carefree Cave Creek Real Estate - Russ Lyon Sotheby's International Realty - Debbie Omundson & Susan Folts,34305 N Scottsdale Rd
"Todd Ninneman, REALTOR RE/MAX Fine Properties North Valley",3434 W Anthem Way
"Andrew Tibbs, REALTOR RE/MAX Fine Properties",3434 W Anthem Way #156
Red White & Blue Realty,3458 W White Mountain Blvd # 9
AshForkLand,346 Park Ave Suite C
Pinetop Crosby Cabin,3496 Crosby Dr
Garden Brook Realty Property Management Division,3550 W Center St
Rodney Jackson,3560 N 153rd Ln
Coldwell Banker Bishop Realty,3617 AZ-87 Box 189
Pinetop Property Management,3629 W White Mountain Blvd
Berkshire Hathaway Home Services Advantage Realty,3640 AZ-87
United Country Real Estate-Champion Properties of Arizona,36805 N 30th St
The Gedalje Group,3712 AZ-95 Suite #2
RE/MAX Realty Jim Nawrocki * Associate Broker,3728 S Seton Ave
Brooks-Clark & Associates Real Estate: Julia Roberts,375 Lake Havasu Ave STE A
Russ Lyon Sotheby's International Realty,37700 N Desert Mountain Pkwy
"P. J. Hussey & Associates, Inc.",3855 W Glendale Ave
"Tyche Real Estate LLC, Sarah Luzi Designated Broker",3856 E Stacey Rd
Red Door Realty Services,3860 Frontage Rd Suite 10
Unity Home Group of Cave Creek,38972 N 58th St
Vila Real Estate Group,3920 S Rural Rd
Momentum Real Estate Group,3920 S Rural Rd Suite 110
Landmark Homes,395 W Cleveland St
B.I.Solutions Corporation,3971 N Village St
Greer Getaway Cabins,40 Main St
Taylor Farms,40 Taylor Farms Dr
"IPX1031 - Investment Property Exchange Services, Inc.",400 E Rivulon Blvd #118
Long Realty Covey Luxury Properties - White Mountains,4000 W Acer Ln
Royal Commercial Real Estate LLC,401 W Baseline Rd #105
"Jeff Seman, Real Estate Agent, Ironwood Fine Properties",40214 N Oakhurst Ct
Jake Bodnar @ Libertas Real Estate,4024 E Lone Mountain Rd
Pioneer Title Agency,404 E Main St
DeLex Realty,404 S Beeline Hwy
BMP Network - Brokered by eXp Realty,405 E Beale St
Long Realty - Foothills,4051 E Sunrise Dr Suite 101
WestUSA Stephanie Reidhead,411 43-007B
West USA Payson,414 S Beeline Hwy Suite 2
Susan Slenk,4140 State Hwy 87 suite 17 A&B
Real Estate by Roxy,4160 W Hawthorn Rd
Aviva Goodyear,4175 N Falcon Dr
RE/MAX Portfolio Homes,4185 S Camino De La Canoa
Broadway North at Estrella Vista,4195 S 245th Dr
Palm Valley Villas,4200 N Falcon Dr
TK LUXURY GROUP,4236 N Verrado Way Suite 102
ERA Young Realty & Investment,424 S Beeline Hwy
Aspen Country Realty,42638 US-180
Delex Realty,42647 US-180
"Vescova Real Estate @ Realty ONE Group, John Vescova",4300 N 161st Ave
Fort Mohave,4303s El Toro Drive
"RE/MAX Traditions - Snowflake, AZ",432 Main St
KOR Properties,4320 E Brown Rd STE 106
The Home Selling Team,4365 E Pecos Rd Ste 133
Cobblestone Farms,43862 W Scenic Dr
Roadrunner Post Phoenix Real Estate Signs,4410 W Union Hills Dr #7
Sean Lieb - LevRose Commercial Real Estate,4414 N Civic Center Plaza Ste 201
Precision Real Estate Inc,4425 W Olive Ave # 188
Mohave Family Reunion Cabin with a Tree House,4429 Mohave Dr
Upside Real Estate,4448 W Las Palmaritas Dr
Garden Brook Realty,448 AZ-89 E
Lazy Trout Big 10 Cabins,45 Main St
Clear Property Management,45 N Main
Ana Benavides - Realtor,4500 S Lakeshore Dr
YAY Realty,4500 S Lakeshore Dr Suite 300
Tempe Homes For Sale Tempe Real Estate AZ Tony Ficara,4505 E Chandler Blvd
Ross Real Estate/Geno Ross,4505 E Chandler Blvd STE 170
"Sherry Gaertner Tibbets, SGT Fine Properties",4518 E Zenith Ln
Rise at the Meadows,4529 W Ocotillo Rd
Triple Net America,4555 E Blue Sky Dr
"Aspen Properties, Inc.",4600 Buck Springs Rd
Crest Premier Properties,4625 S Lakeshore Dr #300
CityScape at Lakeshore,4630 S Lakeshore Dr
Good Company Real Estate,4635 S Lakeshore Dr
"Will Carter, REALTOR",4635 S Lakeshore Dr UNIT 123
Cave Creek Realtor Roseanne Finocchiaro Homesmart,4641E E Chaparosa Way
viking real estate investments,4645 S Lakeshore Dr
HBSB Holdings - Cash House Buyers,4645 S Lakeshore Dr STE 1
Majestic Real Estate & Investments,4646 S Ash Ave
Victor Huerta-Realtor,4677 S Lakeshore Dr #1
Harper,4690 S Lakeshore Dr
Bisbee Brew House,47 Ok St
AZOffices,4700 S Mill Ave
MBA Real Estate,4700 S Mill Ave Suite 5 Office B4
Big Door Realty,4700 S Mill Ave Suite 5-B14
"Wanda Guerra, Homesmart Professionals",4720 Maverick Ln Suite #106
Kourtney D Butler Realtor,4720 W Maverick Ln Suite 106
Susan Brevik - HomeSmart Professionals Flagstaff,4720 W. Maverick Lane
Rica Girardi Real Estate,4720 West Maverick Lane Suite 104
Meredith Maier RE/MAX Mountain Valley Show Low,4731 S White Mountain Rd
AMANDA LYNN WILLIAMS,4731 S White Mountain Rd Suite 2
Mark Carvalho Real Estate,4746 E Buckboard Ct
"Corina DuCharme, Realtor",4756 Buck Springs Rd
Gerson Realty and Management,4801 S Lakeshore Dr UNIT 203
Creekside at Eagle Mountain,4801 W Eagle Mountain Dr
Long Realty Company - Roberts & Roberts Team,4802 E Camp Lowell Dr
Retreat at Whispering Pines,481 S Yarrow Ln
The Arizona Real Estate Company.com,4814 W Banff Ln.
The Carin Nguyen Real Estate Network,4840 N Litchfield Rd #101
Taylor Street Property Management,485 S Watson Rd Ste 103 409
John and Cheryl Thorsen West USA,4887 N 207th Ln
Ryan Real Estate,4907 W Glendale Ave
Cottonwood Home Team,499 S 6th St
Sargent's Cabins,5 Main St
Platinum Select Properties,500 N Lake Havasu Ave Ste C-106
Pioneer Title Agency,500 S 20th Ave
"Richard Wild, Realtor Aces High real estate",501 S Clark Rd
Aces High Real Estate,501 S Clark Rd Suite 2
Lawyers Title,503 Main St # A
Robin Stradling Realty LLC,503 Main St B
Mountain View Homes,5041 Lakewood Rd
Integra Homes and Land,504A Club Dr
505 West Apartment Homes,505 W Baseline Rd
Better Homes and Gardens BloomTreee Cottonwood,511 S Main St
Capital Real Estate Arizona,5115 E Palo Brea Ln
Lupita Cleaning Services,5123 Huntington Rd
American Scene Real Estate,5135 W Park View Ln
"ReLion Realty, LLC",515 S 2nd Ave
Pinetop Vacation Rentals with Tenney Properties,520 W Deuce of Clubs
Real Estate Listings & Services,5200 E Cortland Blvd
Historic Phoenix Districts Real Estate | HomeSmart Elite,5225 N Central Ave Suite 104
Arizona Gold Realty LLC,5225 S McClintock Dr # G
The Knotty Bear,53 Wiltbank St
Dalton Realty,533 W Hill St
Clayton Homes,5333 S Hwy 95
RE/MAX Signature - Green Valley,555 N La Cañada Dr
Michelle Metcalf - RE/MAX Signature,555 South La Cañada Drive Ste 131
Arizona Vacation Rentals Unlimited,5589 E Galvin St
SunSeeker Rentals & Property Management,560 N Bullard Ave #51
Jerry Powers Real Estate,562 E Krista Way
Richard Real Estate & Property Management in Verrado,563 S 230th Ave
"Claire Ackerman, REALTOR ® | The Ackerman Team",5635 E Thomas Rd
Tom Burchfield / Realty Executives / Kingman,565 Emery Park Rd
"Chris Cobb, Cobb Realty",5650 E 22nd St
Wagon Wheel Professional Plaza,5658 AZ-260
TOTTEN FULTON RIZZO Luxury Team - Realty Executives,5734 E Rancho Manana Blvd
Family Of Seven Moving,5750 White Mountain Ave
Holiday Shores,576 Citrus St
San Marquis,577 E Baseline Rd
"Weichert, REALTORS® - Courtney Valleywide",5801 S McClintock Dr STE 105
Beazer Homes Windrose Tirreno at IronWing,5874 N 194th Ln
Duplex house unit 13,596 W White Mountain Blvd unit 13
Realty Executives White Mountains | Arizona Territory,60 S White Mountain Rd
Realty ONE Group Mountain Desert - Show Low,60 S White Mountain Rd Suite A
West USA Realty,600 AZ-260
Spill Investment & Realty Inc,6025 Buck Springs Rd
Cave Creek Realty,6061 E Cave Creek Rd
ESCAPE AZ Home Watch and Services,6095 E Grapevine Rd
Casa Saguaro Vacation House,6119 E Lowden Rd
Engel and VÃ¶lkers Tucson,6151 E Grant Rd
Lucas Realty Group,6197 S Rural Rd #101
"Desert Dream Realty in Cave Creek, AZ 85331",6201 E Cave Creek Rd Suite B
Watkins Real Estate,6217 N 79th Dr
Victoria Properties Management,627 S 48th St STE 110
Greer Springs Resort,63 Fs 79
Property management By Faith Realty,64 E Broadway Rd #205
Coldwell Banker Realty,6402 E Superstition Springs Blvd #100
RE/MAX Desert Showcase,6427 S Central Ave
"Breakthrough Real Estate & Property Management, LLC",6447 W Prickly Pear Trail
Realty Executives Uptown,645 E Missouri Ave Suite 270
Bearfoot Cabin,6466 Wildcat Way
Duncan az,647 High St
Townhomes at Kyrene,647 W Baseline Rd
Greer Real Estate Company LLC,649 Arlington Rd
Dashing Ranch,650 Freeman Hllw Rd
Rise Suncrest,6507 S Hardy Dr
A Z Solutions Real Estate,6635 W Happy Valley Rd A104
RE/MAX Excalibur Real Estate,6640 N Oracle Rd Suite 110
Berkshire Hathaway HomeServices Arizona Properties,671 AZ-179 B-CT1
Walt Danley Local Luxury | Christie's International Real Estate,6720 N Scottsdale Rd STE 140
Paul Paich Real Estate,6751 N Sunset Blvd
Barraza Team Real Estate Services,6751 N Sunset Blvd #320
Micaela Valverde - Your AZ Real Estate Chica,6751 N Sunset Blvd Suite 320
Luxury Group AZ - Realty Executives Tucson Elite,6760 N Oracle Rd
Century 21 Sunshine Realty,69 W Deuce of Clubs
Ventana Fine Properties,6902 E Bella Vista Dr
Realty Exchange,6962 E 1st Ave #102
Triple S. Properties,6962 Riverside Dr
"Phoenix West Commercial, LLC",700 N Estrella Pkwy Suite 205
Prescott Arizona Real Estate,700 S Montezuma St
"Brooke Huffer, Real Estate Agent: Kingman, AZ - Meadview, AZ",701 Stockton Hill Rd Suite A
Arizona Property Management & Investments,7025 N 56th Ave
Ostrander Real Estate Group,7025 W Bell Rd
Ariane Gonzales - AMG Real Estate Group,7025 W Bell Rd #10
Dominion Group Properties,703 E Carefree Hwy STE 113
The Piedmont,707 E 6th St
Atmosphere Tempe,707 S Forest Ave
"The Monaghan Group, Real Broker",7075 W Bell Rd A3
Desert Dream Team @ REMAX at the Village,7100 E Cave Creek Rd
Phoenix Arizona Real Estate,7111 W Bell Rd # 101
Union Tempe,712 S Forest Ave
West USA Realty,7155 W Campo Bello Dr b115
"Lucas Real Estate, Tempe and Chandler Real Estate Sales",722 N Butte Ave
Glendale Airpark Business Center,7225 N 110th Ave
AV Realty - 24/7,725 E Main St Suite 1
Timber Ridge Realtor - RE/MAX Mountain Properties,729 W Gurley St
Cindy Iorio - RE/MAX Mountain Properties,731 W Gurley St
Ranch Realty,7353 N Vía Paseo Del Sur #470
Lauren Chester - Phoenix Real Estate Agent - Tru Realty LLC,7373 N Scottsdale Rd Ste A100
Cholla Ranch Apartments,7400 S Miller Rd
The Home Depot,750 S 20th Ave
Key Time Realty,752 Hancock Rd
Cottonwood Old Town Plaza,753 N Main St
Ascend Realty,7633 E Acoma Dr Ste 104
Your Home Sold Guaranteed Realty - Carol Royse Team,7890 S Hardy Dr Suite 106
CC Fox Realty LLC,7909 W Glendale Ave
"Coldwell Banker Realty, North Scottsdale",7975 Hayden Rd Ste D 105
Rise North Ridge,8080 N 51st Ave
Realty Executives Arizona Territory - Prescott Valley,8100 AZ-69
RHP Real Estate,8256 W Cactus Rd D-134
Elk Country Realty,830 E Main St #120
Glow Realty Sedona Verde Valley,830 S Main St Suite 1-F
Ashley Sinn Realtor,830 S Main St Suite 2D
CENTURY 21 Toma Partners Real Estate,8325 W Happy Valley Rd Suite 120
The Caren Team,834 W Sycamore Ct
The Ave Collective powered by My Home Group,8360 E Raintree Dr Ste 120
Bimal Patel Realtor,8388 E Hartford Dr Ste 100
"David ""DJ"" & Autumn Montoya, HomeSmart, Realtors®",8388 E. Hartford Dr
Desert West Realty,839 S 229th Dr
My Home Group Real Estate- Mesa/East Valley,8405 E Baseline Rd #105
PT Rentals,8477 Skywood Dr
CENTURY 21 Action Group,851 Main St #2&4
Long Realty - Oro Valley,8540 N Oracle Rd
Diamondback Real Estate,8567 N Silverbell Rd #201
Property Management Real Estate Services,8655 East Vía de Ventura G-160
The MoJo Team,8687 East Vía de Ventura STE 106
Integrated Real Estate,8700 East Vía de Ventura #170
Original Realty Co,8722 E Vía De Commercio Suite 100
US Premier Real Estate,8751 N 51st Ave #121g
Berkshire Hathaway HomeServices Arizona Properties,8852 E Pinnacle Peak Rd J-4
RealtyConnect,890 Hancock Rd
Berkshire Hathaway HomeServices Arizona Properties,8950 S 52nd St #107
Walt Danley Local Luxury | Christie's International Real Estate - Scottsdale,8955 E Pinnacle Peak Rd UNIT 104
Garden Grove Apartment Homes,900 W Grove Pkwy
"Bourland Real Estate Team, Joe Bourland Founder",9015 W Union Hills Dr #103
"Melissa Dierks, REALTOR - The Regal Team | RE/MAX Fine Properties",9044 W Union Hills Dr Ste. 108
"Southwest Preferred Properties, Inc.",905 Monroe Ave Ste C
RE/MAX Classic Real Estate,908 S Power Rd
Realty Executives Arizona Territory - Houghton/Vail,9172 S Houghton Rd
Upland Group Inc,9180 S Kyrene Rd Ste. 115
Genesis Real Estate and Development,919 E White Mountain Blvd
Borgmann Real Estate Group,921 W Círculo Napa
Onward Financial Solutions,9280 S Kyrene Rd
Ephrem Jando Real Estate,9280 S Kyrene Rd Suite 117
Pioneer Title Agency,932 Main St E
QMC Inc,939 Hancock Rd Suite 11
A Team Real Estate Professionals- Coldwell Banker Realty,94 Acoma Blvd S #103
Coldwell Banker Realty - A Team Lake Havasu,94 Acoma Blvd S Ste. 103
River Valley Realty LLC,947 Riverfront Dr
Dana Hubbell Group Real Estate in the White Mountains,96 Main St
Bill Miketta - West USA,960 E Deuce of Clubs
Dawn Stackhouse PLLC,960 W Deuce of Clubs
"ComitÃ© de Bien Estar, Inc.",963 B St
Carolyn Rice - West USA Realty,970 S Main
The District on Apache,977 E Apache Blvd
Michele Greer- Keller Williams Louisville East,9911 Shelbyville Rd
Shantell Gallegos PLLC - Real Estate,9920 S Rural Rd #108-170
Lakeview at the Bay,995 E Baseline Rd
Bimal Patel Realtor,bimalpatelrealtor.com
Dominion Group Properties,Bison Ranch Rd #6
Duncan az,Confirm or fix this location
mly ranch,County Road 4124 South Fork
Pinecrest Chalet AZ.,E Pinecrest Dr
rcrentalhomes,Hilltop Ln
"Forest Properties, Inc.",N 117 Main St
400North_WilliamsAZ,N 7th St
"Michelle Seymour, eXp Realty",N Golf Dr
El Rancho Encantado,S Cassidy Dr
Verrado Real Estate,W Main St
LAURIE MENDOZA - Realtor In Verrado,W Main St at
WestUSA Realty,W Monte Cristo Ave
Arciero Family Home,X9JW+PG
Amber VanderJagt,
,
,
,
,
,
,
,
,
,
,
,
,
,
,
,
,
,
,
,
,
,
,
,
,
,
,
,
,
,
,
,
,
,
,
,
,
,
,
,
,
,
,
,
,
,
,
,
,
,
,
,
,
,
,
,
,
,
,
,
,
,
,
,
,
,
,
,
,
,
,
,
,
,
,
,
,
,
,
,
,
,
,
,
,
,
,
,
,
,
,
,
,
,
,
,
,
,
,
,
,
,
,
,
,
,
,
,
,
,
,
,
,
,
,
,
,
,
,
,
,
,
,
,
,
,
,
,
,
,
,
,
,
,
,
,
,
,
,
,
,
,
,
,
,
,
,
,
,
,
,
,
,
,
,
,
,
,
,
,
,
,
,
,
,
,
,
,
,
,
,
,
,
,
,
,
,
,
,
,
,
,
,
,
,
,
,
,
,
,
,
,
,
,
,
,
,
,
,
,
,
,
,
,
,
,
,
,
,
,
,
,
,
,
,
,
,
,
,
,
,
,
,
,
,
,
,
,
,
,
,
,
,
,
,
,
,
,
,
,
,
,
,
,
,
,
,
,
,
,
,
,
,
,
,
,
,
,
,
,
,
,
,
,
,
,
,
,
,
,
,
,
,
,
,
,
,
,
,
,
,
,
,
,
,
,
,
,
,
,
,
,
,
,
,
,
,
,
,
,
,
,
,
,
,
,
,
,
,
,
,
,
,
,
,
,
,
,
,
,
,
,
,
,
,
,
,
,
,
,
,
,
,
,
,
,
,
,
,
,
,
,
,
,
,
,
,
,
,
,
,
,
,
,
,
,
,
,
,
,
,
,
,
,
,
,
,
,
,
,
,
,
,
,
,
,
,
,
,
,
,
,
,
,
,
,
,
,
,
,
,
,
,
,
,
,
,
,
,
,
,
,
,
,
,
,
,
,
,
,
,
,
,
,
,
,
,
,
,
,
,
,
,
,
,
,
,
,
,
,
,
,
,
,
,
,
,
,
,
,
,
,
,
,
,
,
,
,
,
,
,
,
,
,
,
,
,
,
,
,
,
,
,
,
,
,
,
,
,
,
,
,
,
,
,
,
,
,
,
,
,
,
,
,
,
,
,
,
,
,
,
,
,
,
,
,
,
,
,
,
,
,
,
,
,
,
,
,
,
,
,
,
,
,
,
,
,
,
,
,
,
,
,
,
,
,
,
,
,
,
,
,
,
,
,
,
,
,
,
,
,
,
,
,
,
,
,
,
,
,
,
,
,
,
,
,
,
,
,
,
,
,
,
,
,
,
,
,
,
,
,
,
,
,
,
,
,
,
,
,
,
,
,
,
,
,
,
,
,
,
,
,
,
,
,
,
,
,
,
,
,
,
,
,
,
,
,
,
,
,
,
,
,
,
,
,
,
,
,
,
,
,
,
,
,
,
,
,
,
,
,
,
,
,
,
,
,
,
,
,
,
,
,
,
,
,
,
,
,
,
,
,
,
,
,
,
,
,
,
,
,
,
,
,
,
,
,
,
,
,
,
,
,
,
,
,
,
,
,
,
,
,
,
,
,
,
,
,
,
,
,
,
,
,
,
,
,
,
,
,
,
,
,
,
,
,
,
,
,
,
,
,
,
,
,
,
,
,
,
,
,
,
,
,
,
,
,
,
,
,
,
,
,
,
,
,
,
,
,
,
,
,
,
,
,
,
,
,
,
,
,
,
,
,
,
,
,
,
,
,
,
,
,
,
,
,
,
,
,
,
,
,
,
,
,
,
,
,
,
,
,
,
,
,
,
,
,
,
,
,
,
,
,
,
,
,
,
,
,
,
,
,
,
,
,
,
,
,
,
,
,
,
,
,
,
,
,
,
,
,
,
,
,
,
,
,
,
,
,
,
,
,
,
,
,
,
,
,
,
,
,
,
,
,
,
,
,
,
,
,
,
,
,
,
,
,
,
,
,
,
,
,
,
,
,
,
,
,
,
,
,
,
