Store Name,Full Address
Foot Locker Anchorage,"Foot Locker Anchorage, 320 West 5th Avenue Suite 118, Anchorage, AK 99501"
Foot Locker Anchorage,"Foot Locker Anchorage, 800 East Dimond Boulevard Space 192, Anchorage, AK 99515"
Foot Locker Fairbanks,"Foot Locker Fairbanks, 32 College Road Suite 1, Fairbanks, AK 99701"
Foot Locker Auburn Mall,"Foot Locker Auburn Mall, 1627 Opelika Rd, Auburn, AL 36830"
Foot Locker Birmingham,"Foot Locker Birmingham, 2237 Bessemer Road, Birmingham, AL 35208"
Foot Locker Riverchase Galleria,"Foot Locker Riverchase Galleria, 2000-143 Riverchase, Birmingham, AL 35244"
Foot Locker Birmingham,"Foot Locker Birmingham, 2000-295 Riverchase Glria, Birmingham, AL 35244"
Foot Locker Western Hills Mall,"Foot Locker Western Hills Mall, 7201 Aaron Arnov Drive Suite 25d, Fairfield, AL 35064"
Foot Locker Parkway Place Mall,"Foot Locker Parkway Place Mall, 2801 Memorial Pkwy South Space 208, Huntsville, AL 35801"
Foot Locker THE SHOPPES AT EASTCHASE,"Foot Locker THE SHOPPES AT EASTCHASE, 6818 EASTCHASE PKWY A100, MONTGOMERY, AL 36117"
Foot Locker Eastdale Mall,"Foot Locker Eastdale Mall, 1031 Eastdale Mall Space B1, Montgomery, AL 36117"
Foot Locker The Shoppes At Bel Air,"Foot Locker The Shoppes At Bel Air, 3239 Bel Air Mall, Mobile, AL 36606"
Foot Locker THE SHOPPES AT EASTCHASE,"Foot Locker THE SHOPPES AT EASTCHASE, 6818 EASTCHASE PKWY A100, MONTGOMERY, AL 36117"
Foot Locker Eastdale Mall,"Foot Locker Eastdale Mall, 1031 Eastdale Mall Space B1, Montgomery, AL 36117"
Foot Locker Quintard Mall,"Foot Locker Quintard Mall, 700 Quintard Dr, Oxford, AL 36203"
Foot Locker Selma Mall,"Foot Locker Selma Mall, 1391 East Highland Ave Suite 131, Selma, AL 36703"
Foot Locker University Mall,"Foot Locker University Mall, 1701 Mcfarland Blvd Space C12, Tuscaloosa, AL 35404"
Foot Locker Hot Springs Mall,"Foot Locker Hot Springs Mall, 4501 Central Ave, Hot Springs, AR 71913"
Foot Locker Park Plaza,"Foot Locker Park Plaza, 6000 West Markham Suite 2002, Little Rock, AR 72205"
Foot Locker Mccain Mall,"Foot Locker Mccain Mall, 3929 Mccain Blvd, North Little Rock, AR 72116"
Foot Locker Chandler Fashion Center,"Foot Locker Chandler Fashion Center, 3111 W Chandler Blvd Suite 2112, Chandler, AZ 85226"
Foot Locker Flagstaff,"Foot Locker Flagstaff, 4650 North US Highway 89 Suite G16, Flagstaff, AZ 86004"
Foot Locker San Tan Village,"Foot Locker San Tan Village, 2196 E Williams Field Suite 102, Gilbert, AZ 85295"
Foot Locker Arrowhead Towne Center,"Foot Locker Arrowhead Towne Center, 7700 W Arrowhead Twn Ste 2217, Glendale, AZ 85308"
Foot Locker Mesa,"Foot Locker Mesa, 6555 E Southern Avenue Suite 2306, Mesa, AZ 85206"
Foot Locker Christown Spectrum Mall,"Foot Locker Christown Spectrum Mall, 1711 W Bethany Home Rd, Phoenix, AZ 85015"
Foot Locker Phoenix,"Foot Locker Phoenix, 7611 West Thomas Road, Phoenix, AZ 85033"
Foot Locker Scottsdale,"Foot Locker Scottsdale, 7014 East Camelback Road Suite 2296, Scottsdale, AZ 85251"
Foot Locker Arizona Mills,"Foot Locker Arizona Mills, 5000 Arizona Mills Circle Space 632, Tempe, AZ 85282"
Foot Locker Tucson,"Foot Locker Tucson, 4500 North Oracle Road Space 172, Tucson, AZ 85705"
Foot Locker Tucson,"Foot Locker Tucson, 5870 East Broadway Boulevard Suite 346, Tucson, AZ 85711"
Foot Locker Tucson,"Foot Locker Tucson, 1223 West Irvington Road, Tucson, AZ 85714"
Foot Locker Yuma,"Foot Locker Yuma, 1329 South Yuma Palms Parkway Suite F10, Yuma, AZ 85365"
Foot Locker Antioch,"Foot Locker Antioch, 2550 Somersville Road Space 67, Antioch, CA 94509"
Foot Locker Arcadia,"Foot Locker Arcadia, 400 South Baldwin Avenue Suite 342L, Arcadia, CA 91007"
Foot Locker Bakersfield,"Foot Locker Bakersfield, 2701 Ming Avenue Space 119, Bakersfield, CA 93304"
Foot Locker Brea,"Foot Locker Brea, 1118 Brea Mall, Brea, CA 92821"
Foot Locker Canoga Park,"Foot Locker Canoga Park, 6600 Topanga Canyon Boulevard Suite 2100, Canoga Park, CA 91303"
Foot Locker Carlsbad,"Foot Locker Carlsbad, 2525 El Camino Real Space 207, Carlsbad, CA 92008"
Foot Locker Cerritos,"Foot Locker Cerritos, 444 Los Cerritos Center, Cerritos, CA 90703"
Foot Locker Compton,"Foot Locker Compton, 205 E Compton Boulevard, Compton, CA 90220"
Foot Locker Concord,"Foot Locker Concord, 305 Sun Valley Mall Space B-202, Concord, CA 94520"
Foot Locker Culver City,"Foot Locker Culver City, 6000 Sepulveda Boulevard, Culver City, CA 90230"
Foot Locker Daly City,"Foot Locker Daly City, 8-B Serramonte Center, Daly City, CA 94015"
Foot Locker Downey,"Foot Locker Downey, 9060 Firestone Blvd, Downey, CA 90241"
Foot Locker El Centro,"Foot Locker El Centro, 3451 South Dogwood Avenue Space 1464, El Centro, CA 92243"
Foot Locker El Cerrito,"Foot Locker El Cerrito, 430 El Cerrito Plaza, El Cerrito, CA 94530"
Foot Locker Emeryville,"Foot Locker Emeryville, 5652 Bay Street, Emeryville, CA 94608"
Foot Locker Escondido,"Foot Locker Escondido, 200 Via Rancho Parkway Suite 465, Escondido, CA 92025"
Foot Locker Eureka,"Foot Locker Eureka, 3300 Broadway Space 208, Mailbox 126, Eureka, CA 95501"
Foot Locker Fairfield,"Foot Locker Fairfield, 1350 Travis Boulevard Suite 1447A, Fairfield, CA 94533"
Foot Locker Fresno,"Foot Locker Fresno, 689 East Shaw Avenue Suite 121, Fresno, CA 93710"
Foot Locker Glendale,"Foot Locker Glendale, 2176 Glendale Galleria Suite HU04, Glendale, CA 91210"
Foot Locker Hanford,"Foot Locker Hanford, 1675 West Lacey Boulevard Space C6, Hanford, CA 93230"
Foot Locker Hawthorne,"Foot Locker Hawthorne, 14304 Hawthorne Blvd, Hawthorne, CA 90250"
Foot Locker Hayward,"Foot Locker Hayward, 312 Southland Mall, Hayward, CA 94545"
Foot Locker Hemet Valley Mall,"Foot Locker Hemet Valley Mall, 2200 W Florida Ave Space 430, Hemet, CA 92545"
Foot Locker Huntington Park,"Foot Locker Huntington Park, 6732 Pacific Boulevard, Huntington Park, CA 90255"
Foot Locker Inglewood,"Foot Locker Inglewood, 3501 West Century Boulevard Suite E, Inglewood, CA 90303"
Foot Locker Irvine,"Foot Locker Irvine, 644 Spectrum Center Drive, Irvine, CA 92618"
Foot Locker Lakewood,"Foot Locker Lakewood, 117 Lakewood Center Mall, Lakewood, CA 90712"
Foot Locker Baldwin Hills,"Foot Locker Baldwin Hills, 3650 West Martin Luther King Jr. Boulevard Suite 264, Los Angeles, CA 90008"
Jumpman by Foot Locker Broadway,"Jumpman by Foot Locker Broadway, 620 S Broadway, Los Angeles, CA 90014"
Foot Locker Los Angeles,"Foot Locker Los Angeles, 749 South Broadway, Los Angeles, CA 90014"
Foot Locker Whittier Blvd.,"Foot Locker Whittier Blvd., 4629 Whittier Boulevard, Los Angeles, CA 90022"
Foot Locker Hollywood,"Foot Locker Hollywood, 6801 Hollywood Boulevard Suite 147, Los Angeles, CA 90028"
Foot Locker Los Angeles,"Foot Locker Los Angeles, 5544 W Sunset Blvd, Los Angeles, CA 90028"
Foot Locker Los Angeles,"Foot Locker Los Angeles, 3222 W Slauson Ave, Los Angeles, CA 90043"
Foot Locker Melrose,"Foot Locker Melrose, 7726 Melrose Avenue, Los Angeles, CA 90046"
Foot Locker Beverly Center,"Foot Locker Beverly Center, 8500 Beverly Boulevard Space 628, Los Angeles, CA 90048"
Foot Locker Merced,"Foot Locker Merced, 780 Merced Mall, Merced, CA 95348"
Foot Locker Outlet Milpitas,"Foot Locker Outlet Milpitas, 472 Great Mall Drive, Milpitas, CA 95035"
Foot Locker Modesto,"Foot Locker Modesto, 3401 Dale Road Space 220, Modesto, CA 95356"
Foot Locker Montclair,"Foot Locker Montclair, 5004 E Montclair Plaza Lane Suite 2074, Montclair, CA 91763"
Foot Locker Montebello,"Foot Locker Montebello, 1764 Montebello Town Center Drive, Montebello, CA 90640"
Foot Locker Monterey,"Foot Locker Monterey, 617 Del Monte Center, Monterey, CA 93940"
Foot Locker NORTHRIDGE,"Foot Locker NORTHRIDGE, NORTHRIDGE FASHION CTR 9301 TAMPA AVENUE, NORTHRIDGE, CA 91324"
Foot Locker Northridge,"Foot Locker Northridge, 9301 Tampa Avenue Suite 177, Northridge, CA 91324"
Foot Locker National City,"Foot Locker National City, 3030 Plaza Bonita Road Suite 2348, National City, CA 91950"
Foot Locker Newark,"Foot Locker Newark, 2119 New Park Mall, Newark, CA 94560"
Foot Locker NORTHRIDGE,"Foot Locker NORTHRIDGE, NORTHRIDGE FASHION CTR 9301 TAMPA AVENUE, NORTHRIDGE, CA 91324"
Foot Locker Northridge,"Foot Locker Northridge, 9301 Tampa Avenue Suite 177, Northridge, CA 91324"
Foot Locker Ontario,"Foot Locker Ontario, 1 Mills Circle Space 334, Ontario, CA 91764"
Foot Locker Palmdale,"Foot Locker Palmdale, 1233 W Avenue P Space 221, Palmdale, CA 93551"
Foot Locker Panorama City,"Foot Locker Panorama City, 8401 Van Nuys Boulevard Space 39, Panorama City, CA 91402"
Foot Locker Pasadena,"Foot Locker Pasadena, 58 West Colorado Boulevard, Pasadena, CA 91105"
Foot Locker Pleasanton,"Foot Locker Pleasanton, 2313 Stoneridge Mall, Pleasanton, CA 94588"
Foot Locker Mt Shasta Mall,"Foot Locker Mt Shasta Mall, 900 Dana Dr Space C-34, Redding, CA 96003"
Foot Locker Riverside,"Foot Locker Riverside, 2275 Galleria At Tyler Space D100, Riverside, CA 92503"
Foot Locker Roseville,"Foot Locker Roseville, 1151 Galleria Boulevard Suite 209, Roseville, CA 95678"
Foot Locker Sacramento,"Foot Locker Sacramento, 1689 Arden Way Suite 2178, Sacramento, CA 95815"
Foot Locker Sacramento,"Foot Locker Sacramento, 4340 Florin Road Unit C, Sacramento, CA 95823"
Foot Locker Salinas,"Foot Locker Salinas, 698 Northridge Mall, Salinas, CA 93906"
Foot Locker San Bernardino,"Foot Locker San Bernardino, 232 Inland Center Drive, San Bernardino, CA 92408"
Foot Locker San Bruno,"Foot Locker San Bruno, 1150 El Camino Real Suite 130, San Bruno, CA 94066"
Foot Locker San Diego,"Foot Locker San Diego, 1640 Camino Del Rio North Space 333, San Diego, CA 92108"
Foot Locker San Diego,"Foot Locker San Diego, 7007 Friars Road Space 213, San Diego, CA 92108"
Foot Locker San Diego,"Foot Locker San Diego, 4545 La Jolla Village Drive Suite G9, San Diego, CA 92122"
Foot Locker San Francisco,"Foot Locker San Francisco, 865 Market Street Space 308, San Francisco, CA 94103"
Foot Locker San Francisco,"Foot Locker San Francisco, 3251 20th Avenue Space 170, San Francisco, CA 94132"
Foot Locker San Leandro,"Foot Locker San Leandro, 15100 Hesperian Blvd Suite 214, San Leandro, CA 94578"
Foot Locker San Mateo,"Foot Locker San Mateo, 394 Hillsdale Shop Center, San Mateo, CA 94403"
Foot Locker San Rafael,"Foot Locker San Rafael, 5800 Northgate Drive Suite 040, San Rafael, CA 94903"
Foot Locker San Ysidro,"Foot Locker San Ysidro, 4457 Camino De La Plaza Suite 236, San Ysidro, CA 92173"
Foot Locker Santa Ana,"Foot Locker Santa Ana, 2800 North Main Street Space 732, Santa Ana, CA 92705"
Foot Locker Santa Barbara,"Foot Locker Santa Barbara, 10 W De La Guerra Place, Santa Barbara, CA 93101"
Foot Locker Santa Clara,"Foot Locker Santa Clara, 2855 Stevens Creek Bouleevard Suite 2271, Santa Clara, CA 95050"
Foot Locker Santa Maria,"Foot Locker Santa Maria, 177 Town Center East, Santa Maria, CA 93454"
Foot Locker Santa Monica,"Foot Locker Santa Monica, 301 Arizona Avenue, Santa Monica, CA 90401"
Foot Locker Santa Rosa,"Foot Locker Santa Rosa, 1030 Santa Rosa Plaza, Santa Rosa, CA 95401"
Foot Locker Sherman Oaks,"Foot Locker Sherman Oaks, 14006 Riverside Drive Suite 63, Sherman Oaks, CA 91423"
Foot Locker Stockton,"Foot Locker Stockton, 4950 Pacific Avenue Space 133, Stockton, CA 95207"
Foot Locker Temecula,"Foot Locker Temecula, 40820 Winchester Road Suite 1250, Temecula, CA 92591"
Foot Locker Torrance,"Foot Locker Torrance, 21712 Hawthorne Boulevard Suite 234, Torrance, CA 90503"
Foot Locker Valencia,"Foot Locker Valencia, 24201 Valencia Boulevard Suite 2225, Valencia, CA 91355"
Foot Locker Vallejo,"Foot Locker Vallejo, 3585 Sonoma Blvd, Vallejo, CA 94590"
Foot Locker Ventura,"Foot Locker Ventura, 3301-2248 East Main Street, Ventura, CA 93003"
Foot Locker Victorville,"Foot Locker Victorville, 14400 Bear Valley Road Space 329, Victorville, CA 92392"
Foot Locker Visalia,"Foot Locker Visalia, 2219 South Mooney Boulevard, Visalia, CA 93277"
Foot Locker West Covina,"Foot Locker West Covina, 2054 Plaza Drive, West Covina, CA 91790"
Foot Locker Aurora,"Foot Locker Aurora, 14200 East Alameda Avenue Space 512, Aurora, CO 80012"
Foot Locker Broomfield,"Foot Locker Broomfield, 1 West Flatiron Crossing Drive Suite 2006, Broomfield, CO 80021"
Foot Locker Colorado Springs,"Foot Locker Colorado Springs, 750 Citadel Drive East Suite 1140, Colorado Springs, CO 80909"
Foot Locker Grand Junction,"Foot Locker Grand Junction, 2424 US Highway 6 & 50 Space 127, Grand Junction, CO 81505"
Foot Locker Colorado Mills,"Foot Locker Colorado Mills, 14500 W Colfax Avenue Suite 305, Lakewood, CO 80401"
Foot Locker Littleton,"Foot Locker Littleton, 8501 West Bowles Avenue Space 2207, Littleton, CO 80123"
Foot Locker Lone Tree,"Foot Locker Lone Tree, 8405 Park Meadows Center Drive Suite 1014, Lone Tree, CO 80124"
Foot Locker Pueblo,"Foot Locker Pueblo, 3529 Dillon Drive, Pueblo, CO 81008"
Foot Locker Trumbull,"Foot Locker Trumbull, 4551-4555 Main Street, Bridgeport, CT 06606"
Foot Locker Danbury,"Foot Locker Danbury, 7 Backus Avenue Suite 174, Danbury, CT 06810"
Foot Locker Farmington,"Foot Locker Farmington, 252 Westfarms Mall, Farmington, CT 06032"
Foot Locker Manchester,"Foot Locker Manchester, 194 Buckland Hills Drive Suite 2202, Manchester, CT 06042"
Foot Locker Meriden,"Foot Locker Meriden, 470 Lewis Avenue Space 30, Meriden, CT 06451"
Foot Locker Milford,"Foot Locker Milford, 1201 Boston Post Road Space 1025, Milford, CT 06460"
Foot Locker New Haven,"Foot Locker New Haven, 832 Chapel Street, New Haven, CT 06510"
Foot Locker Stamford,"Foot Locker Stamford, 100 Grayrock Place Space E213, Stamford, CT 06901"
Foot Locker Waterbury,"Foot Locker Waterbury, 495 Union Street Box 200, Space 1136, Waterbury, CT 06706"
Foot Locker WASHINGTON,"Foot Locker WASHINGTON, 1548 BENNING RD NE, WASHINGTON, DC 20002"
Foot Locker Altamonte Mall,"Foot Locker Altamonte Mall, 451 E Altamonte Drive Space 1413, Altamonte Springs, FL 32701"
Foot Locker Aventura,"Foot Locker Aventura, 19575 Biscayne Boulevard Space 339, Aventura, FL 33180"
Foot Locker Boca Town Center,"Foot Locker Boca Town Center, 6000 Glades Road Suite 1006, Boca Raton, FL 33431"
Foot Locker Boynton Beach Mall,"Foot Locker Boynton Beach Mall, 801 N Congress Ave, Boynton Beach, FL 33426"
Foot Locker Westfield Brandon,"Foot Locker Westfield Brandon, 351 Brandon Town Center, Brandon, FL 33511"
Foot Locker Westfield Countryside,"Foot Locker Westfield Countryside, 27001 Us Hwy 19 North Suite 1053, Clearwater, FL 33761"
Foot Locker Coral Square Mall,"Foot Locker Coral Square Mall, 9215 W Atlantic Blvd Suite 272, Coral Springs, FL 33071"
Foot Locker Cutler Bay,"Foot Locker Cutler Bay, 20505 South Dixie Highway Space 1785, Cutler Bay, FL 33189"
Foot Locker Dania Beach,"Foot Locker Dania Beach, 117 North Pointe Dr, Dania Beach, FL 33004"
Foot Locker Miami International,"Foot Locker Miami International, 1455 Nw 107th Avenue Suite 220, Doral, FL 33172"
Foot Locker Coral Ridge Mall,"Foot Locker Coral Ridge Mall, 3200 N Federal Highway Space 170, Fort Lauderdale, FL 33306"
Foot Locker Fort Lauderdale,"Foot Locker Fort Lauderdale, 801 W Sunrise Blvd, Fort Lauderdale, FL 33311"
Foot Locker Edison Mall,"Foot Locker Edison Mall, 4125 Cleveland Ave Suite 1000, Fort Myers, FL 33901"
Foot Locker Oaks Mall,"Foot Locker Oaks Mall, 6419 W Newberry Rd Suite D12, Gainesville, FL 32605"
Foot Locker Hialeah,"Foot Locker Hialeah, 1705 West 49th Street Space 1020, Hialeah, FL 33012"
Foot Locker Palm Springs Mile Shopping Center,"Foot Locker Palm Springs Mile Shopping Center, 585b West 49th Street Suite B, Hialeah, FL 33012"
Foot Locker Homestead Towne Square,"Foot Locker Homestead Towne Square, 967 North Homestead, Homestead, FL 33030"
Foot Locker Gateway Town Center,"Foot Locker Gateway Town Center, 5238-13 Norwood Ave Ste 51, Jacksonville, FL 32208"
Foot Locker Jacksonville,"Foot Locker Jacksonville, 9402/9406 Arlington Exp Space 280, Jacksonville, FL 32225"
Foot Locker The Avenues Mall,"Foot Locker The Avenues Mall, 10300 Southside Blvd Ste 165, Jacksonville, FL 32256"
Foot Locker Lem Turner,"Foot Locker Lem Turner, 9268-01 Lem Turner Rd, Jacksonville, FL 32208"
Foot Locker Treasure Coast Square,"Foot Locker Treasure Coast Square, 3250 Nw Federal Hwy, Jensen Beach, FL 34957"
Foot Locker Plaza Del Sol,"Foot Locker Plaza Del Sol, 3831 W Vine St Ste 17, Kissimmee, FL 34741"
Foot Locker Eagle Ridge Mall,"Foot Locker Eagle Ridge Mall, 750 Eagle Ridge Drive, Lake Wales, FL 33853"
Foot Locker Lauderhill,"Foot Locker Lauderhill, 1491 NW 40th Avenue Bay 2-5, Lauderhill, FL 33313"
Foot Locker Melbourne Square,"Foot Locker Melbourne Square, 1700 W New Haven Ave Space 239, Melbourne, FL 32904"
Foot Locker Miami,"Foot Locker Miami, 2621 Nw 2Nd Ave Ste 1, Miami, FL 33127"
Foot Locker Bayside Marketplace,"Foot Locker Bayside Marketplace, 401 Biscayne Blvd Space N-206, Miami, FL 33132"
Foot Locker Northside Shop Center,"Foot Locker Northside Shop Center, 7900 Nw 27th Ave, Miami, FL 33147"
Foot Locker Miami,"Foot Locker Miami, 7265 North Kendall Drive Suite 3200b, Miami, FL 33156"
Foot Locker Market Shopping Center,"Foot Locker Market Shopping Center, 10900 Nw 7th Avenue, Miami, FL 33168"
Foot Locker Miami,"Foot Locker Miami, 11401 Northwest 12th Street Space 280, Miami, FL 33172"
Foot Locker Miami,"Foot Locker Miami, 12090 Southwest 88th St, Miami, FL 33186"
Foot Locker Miami Beach,"Foot Locker Miami Beach, 1626 Washington Ave, Miami Beach, FL 33139"
Foot Locker Shoppes At Ives Dairy,"Foot Locker Shoppes At Ives Dairy, 19833 Nw 2nd Avenue, Miami Gardens, FL 33169"
Foot Locker North Miami Beach,"Foot Locker North Miami Beach, 1429 NE 163rd Street, North Miami Beach, FL 33162"
Foot Locker Paddock Mall,"Foot Locker Paddock Mall, 3100 Sw College Rd Suite 546, Ocala, FL 34474"
Foot Locker Dolphin Plaza,"Foot Locker Dolphin Plaza, 17209 Nw 27th Ave, Opa Locka, FL 33056"
Foot Locker Orange Park Mall,"Foot Locker Orange Park Mall, 1910 Wells Rd Ste E17, Orange Park, FL 32073"
Foot Locker Colonial Plaza,"Foot Locker Colonial Plaza, 2522 E Colonial Dr, Orlando, FL 32803"
Foot Locker Florida Mall,"Foot Locker Florida Mall, 8001 S Orange Blossom Trail Space 996, Orlando, FL 32809"
Foot Locker Orlando,"Foot Locker Orlando, S 8001 Orange Blossom Trail Space 306B, Orlando, FL 32809"
Foot Locker Prime Outlets Orland,"Foot Locker Prime Outlets Orland, 4973 International Drive Suite 3f.29, Orlando, FL 32819"
Foot Locker The Mall At Millenia,"Foot Locker The Mall At Millenia, 4200 Conroy Road Ste A102, Orlando, FL 32839"
Foot Locker Pembroke Pines,"Foot Locker Pembroke Pines, 11401 Pines Boulevard Suite 796, Pembroke Pines, FL 33026"
Foot Locker Pembroke Pines,"Foot Locker Pembroke Pines, 11401 Pines Blvd Space 884, Pembroke Pines, FL 33026"
Foot Locker Cordova Mall,"Foot Locker Cordova Mall, 5100 N 9th Ave Suite D415a, Pensacola, FL 32504"
Foot Locker Plantation,"Foot Locker Plantation, 8000 West Broward Boulevard Suite 814, Plantation, FL 33388"
Foot Locker Pompano Citi Centre,"Foot Locker Pompano Citi Centre, 2201 North Federal Hwy Suite 103, Pompano Beach, FL 33062"
Foot Locker University Town Center,"Foot Locker University Town Center, 140 University Twn Center Drive Ste 208, Sarasota, FL 34243"
Foot Locker Tyrone Square,"Foot Locker Tyrone Square, 6978 Tyrone Square Ste 776, St. Petersburg, FL 33710"
Foot Locker Sawgrass Mills Mall,"Foot Locker Sawgrass Mills Mall, 12801 West Sunrise Blvd Space 267, Sunrise, FL 33323"
Foot Locker Sunrise,"Foot Locker Sunrise, 12801 West Sunrise Boulevard Space 885, Sunrise, FL 33323"
Foot Locker Tallahassee,"Foot Locker Tallahassee, GOVERNORS SQUARE MALL 1500 Apalachee Parkway, Tallahassee, FL 32301"
Foot Locker International Plaza,"Foot Locker International Plaza, 2223 N West Shore Blvd Suite 108, Tampa, FL 33607"
Foot Locker Westshore Plaza,"Foot Locker Westshore Plaza, 113 Westshore Plaza, Tampa, FL 33609"
Foot Locker University Mall,"Foot Locker University Mall, 12237 University Mall, Tampa, FL 33612"
Foot Locker Tampa,"Foot Locker Tampa, 2335 East Fowler Ave, Tampa, FL 33612"
Foot Locker Mall At Wellington Green,"Foot Locker Mall At Wellington Green, 10300 W Forest Hill Space 145, Wellington, FL 33414"
Foot Locker West Palm Beach,"Foot Locker West Palm Beach, 1930 N Military Trail Space #1, West Palm Beach, FL 33409"
Foot Locker Albany Mall,"Foot Locker Albany Mall, 2601 Dawson Road Space E-4, Albany, GA 31707"
Foot Locker Lenox Square Mall,"Foot Locker Lenox Square Mall, 3393 Peachtree Rd Ne Ste 3108-3109, Atlanta, GA 30326"
Foot Locker Atlanta,"Foot Locker Atlanta, 2841 Greenbriar Parkway Southwest Space H422, Atlanta, GA 30331"
Foot Locker Atlanta,"Foot Locker Atlanta, 2841 Greenbriar Pky Sw Space 470, Atlanta, GA 30331"
Foot Locker Cumberland Mall,"Foot Locker Cumberland Mall, 1124 Cumberland Mall, Atlanta, GA 30339"
Foot Locker Northlake Mall,"Foot Locker Northlake Mall, 4800 Briarcliff Rd N Ste 1042, Atlanta, GA 30345"
Foot Locker Perimeter Mall,"Foot Locker Perimeter Mall, 4400 Ashford-Dunwoody Rd Suite 1020, Atlanta, GA 30346"
Foot Locker Atlanta,"Foot Locker Atlanta, 562 Lee St SW, Atlanta, GA 30310"
Foot Locker The Mall West End,"Foot Locker The Mall West End, 829 Ralph David Aber Blvd Sw, Atlanta, GA 30310"
Foot Locker Augusta Mall,"Foot Locker Augusta Mall, 3450 Wrightsboro Rd Space 1070, Augusta, GA 30909"
Foot Locker Mall Of Georgia,"Foot Locker Mall Of Georgia, 3333 Buford Drive Suite 2007, Buford, GA 30519"
Foot Locker Peachtree Mall,"Foot Locker Peachtree Mall, 3131 Manchester Expy Ste 37, Columbus, GA 31909"
Foot Locker North Dekalb Mall,"Foot Locker North Dekalb Mall, 2050 Lawrenceville Hwy, Decatur, GA 30033"
Foot Locker Gallery At South Dekalb,"Foot Locker Gallery At South Dekalb, 2801 Candler Rd Suite 60, Decatur, GA 30034"
Foot Locker Arbor Place,"Foot Locker Arbor Place, 6700 Douglas Place Ste 2020, Douglasville, GA 30135"
Foot Locker Fayetteville,"Foot Locker Fayetteville, 103 Banks Station, Fayetteville, GA 30214"
Foot Locker Town Center At Cobb,"Foot Locker Town Center At Cobb, 400 Ernst Barrett Pkwy Suite 103, Kennesaw, GA 30144"
Foot Locker Sugarloaf Mills,"Foot Locker Sugarloaf Mills, 5900 Sugarloaf Parkway Space 505, Lawrenceville, GA 30043"
Foot Locker Mall At Stonecrest,"Foot Locker Mall At Stonecrest, 2929 Turner Hill Road Space 1740, Lithonia, GA 30038"
Foot Locker Macon Mall,"Foot Locker Macon Mall, 3755 Bloomfield Rd, Macon, GA 31206"
Foot Locker Shoppes At River Crossing,"Foot Locker Shoppes At River Crossing, 5080 Riverside Drive Suite 310, Macon, GA 31210"
Foot Locker Southlake Mall,"Foot Locker Southlake Mall, 1117 Southlake Mall, Morrow, GA 30260"
Foot Locker Outlet Riverdale,"Foot Locker Outlet Riverdale, 6777 Highway 85, Riverdale, GA 30274"
Foot Locker Oglethorpe Mall,"Foot Locker Oglethorpe Mall, 7804 Abercorn Street, Savannah, GA 31406"
Foot Locker Memorial Bend,"Foot Locker Memorial Bend, 5246 Memorial Drive Suite 1102, Stone Mountain, GA 30083"
Foot Locker Colonial Valdosta Mall,"Foot Locker Colonial Valdosta Mall, 1700 Norman Drive, Valdosta, GA 31601"
House of Hoops by Foot Locker Micronesia Mall,"House of Hoops by Foot Locker Micronesia Mall, 1088 W Marine Corps Suite 158, Dededo, GU 96929"
Foot Locker Aiea,"Foot Locker Aiea, 98-1005 Moanalua Road Suite 206, Aiea, HI 96701"
Foot Locker Honolulu,"Foot Locker Honolulu, 1450 Ala Moana Boulevard Space 3034, Honolulu, HI 96814"
Foot Locker Honolulu,"Foot Locker Honolulu, 2284 Kalakaua Avenue Space C-130, Honolulu, HI 96815"
Foot Locker Honolulu,"Foot Locker Honolulu, 2330 Kalakaua Ave Ste 246, Honolulu, HI 96815"
Foot Locker Kapolei,"Foot Locker Kapolei, 91-5431 Kapolei Parkway Space E115, Box 707, Kapolei, HI 96707"
Foot Locker Northpark Mall,"Foot Locker Northpark Mall, 320 West Kimberly Road Space 59, Davenport, IA 52806"
Foot Locker Des Moines,"Foot Locker Des Moines, 1111 East Army Post Road Suite 0040, Des Moines, IA 50315"
Foot Locker Crossroads Mall,"Foot Locker Crossroads Mall, 217 South 25th Street Suite A7, Fort Dodge, IA 50501"
Foot Locker Southern Hills Mall,"Foot Locker Southern Hills Mall, 4400 Sergeant Rd, Sioux City, IA 51106"
Foot Locker Crossroads Shop Center,"Foot Locker Crossroads Shop Center, 2060 Crossroads Blvd Space 1193, Waterloo, IA 50702"
Foot Locker Boise,"Foot Locker Boise, 350 North Milwaukee Street Suite 2101, Boise, ID 83704"
Foot Locker Idaho Falls,"Foot Locker Idaho Falls, 2300 East 17th Street Suite 149, Idaho Falls, ID 83404"
Foot Locker Twin Falls,"Foot Locker Twin Falls, 1485 Pole Line Road East Suite 115, Twin Falls, ID 83301"
Foot Locker Aurora,"Foot Locker Aurora, 2014 Fox Valley Center Space C-3, Aurora, IL 60504"
Foot Locker Ford City Mall,"Foot Locker Ford City Mall, 7414 South Cicero Avenue Space 101, Bedford Park, IL 60629"
Foot Locker Bloomingdale,"Foot Locker Bloomingdale, 112 Stratford Square, Bloomingdale, IL 60108"
Foot Locker Bloomington,"Foot Locker Bloomington, 1615 East Empire Space B, Bloomington, IL 61701"
Foot Locker Calumet City,"Foot Locker Calumet City, 490 River Oaks West, Calumet City, IL 60409"
Foot Locker Calumet City,"Foot Locker Calumet City, 96 River Oaks Drive Suite B22, Calumet City, IL 60409"
Foot Locker Champaign,"Foot Locker Champaign, 2000 North Neil Street, Champaign, IL 61820"
Foot Locker State Street,"Foot Locker State Street, 26-28 South State Street, Chicago, IL 60603"
Foot Locker 47th and Ashland,"Foot Locker 47th and Ashland, 4715 South Ashland Avenue, Chicago, IL 60609"
Foot Locker 55th and Wentworth,"Foot Locker 55th and Wentworth, 5401 South Wentworth Avenue Suite 8A, Chicago, IL 60609"
Foot Locker 35th and King Dr.,"Foot Locker 35th and King Dr., 3349 S King Drive Space A-1b, Chicago, IL 60616"
Foot Locker 87th and Cottage Grove,"Foot Locker 87th and Cottage Grove, 8651 South Cottage Grove, Chicago, IL 60619"
Foot Locker Chicago,"Foot Locker Chicago, 112 W 87th Street Ste L3-l4, Chicago, IL 60620"
Foot Locker Milwaukee Ave.,"Foot Locker Milwaukee Ave., 1237 North Milwaukee Avenue, Chicago, IL 60622"
Foot Locker Madison and Pulaski,"Foot Locker Madison and Pulaski, 3900 West Madison Boulevard, Chicago, IL 60624"
Foot Locker Madison and Karlov,"Foot Locker Madison and Karlov, 4055 West Madison Street, Chicago, IL 60624"
Foot Locker 69th and Ashland,"Foot Locker 69th and Ashland, 6930 South Ashland Avenue Space B4, Chicago, IL 60636"
Foot Locker The Brickyard,"Foot Locker The Brickyard, 2700 N Narragansett Suite F8, Chicago, IL 60639"
Foot Locker Diversey Ave.,"Foot Locker Diversey Ave., 3401 West Diversey Avenue, Chicago, IL 60647"
Foot Locker Chicago Ave. and Kedzie,"Foot Locker Chicago Ave. and Kedzie, 3218 West Chicago Avenue Suite 215, Chicago, IL 60651"
Foot Locker Ford City Mall,"Foot Locker Ford City Mall, 7601 South Cicero Avenue Space 1266, Chicago, IL 60652"
Foot Locker Chicago Ridge,"Foot Locker Chicago Ridge, 200 Chicago Ridge Mall Space F-1, Chicago Ridge, IL 60415"
Foot Locker Cicero,"Foot Locker Cicero, 4629 West Cermak Road, Cicero, IL 60804"
Foot Locker Country Club Hills,"Foot Locker Country Club Hills, 4151 West 167th Street, Country Club Hills, IL 60478"
Foot Locker Fairview Heights,"Foot Locker Fairview Heights, 295 St. Claire Square, Fairview Heights, IL 62208"
Foot Locker Gurnee,"Foot Locker Gurnee, 6170 West Grand Avenue Space 345, Gurnee, IL 60031"
Foot Locker Joliet,"Foot Locker Joliet, 3340 Mall Loop Drive Space 1052, Joliet, IL 60431"
Foot Locker Lincolnwood,"Foot Locker Lincolnwood, 3333 West Touhy Avenue Space E-2, Lincolnwood, IL 60712"
Foot Locker Matteson,"Foot Locker Matteson, 164 Town Center Drive, Matteson, IL 60443"
Foot Locker Melrose Park,"Foot Locker Melrose Park, 1046 Winston Plaza, Melrose Park, IL 60160"
Foot Locker Norridge,"Foot Locker Norridge, 4184 North Harlem Avenue, Norridge, IL 60706"
Foot Locker North Riverside,"Foot Locker North Riverside, 7501 West Cermak Road Suite M6, North Riverside, IL 60546"
Foot Locker North Riverside,"Foot Locker North Riverside, 7501 West Cermak Road Suite D644, North Riverside, IL 60546"
House Of Hoops North Riverside,"House Of Hoops North Riverside, 7501 West Cermak Road Suite G7, North Riverside, IL 60546"
Foot Locker Rockford,"Foot Locker Rockford, 7200 Harrison Avenue Unit G72, Rockford, IL 61112"
Foot Locker Schaumburg,"Foot Locker Schaumburg, 5 Woodfield Mall G-112, Schaumburg, IL 60173"
Foot Locker Skokie,"Foot Locker Skokie, 4999 Old Orchard Center Suite A25, Skokie, IL 60077"
Foot Locker College Mall,"Foot Locker College Mall, 2926 E 3rd Street, Bloomington, IN 47401"
Foot Locker Eastland Mall,"Foot Locker Eastland Mall, 800 N Green River Rd Space 417, Evansville, IN 47715"
Foot Locker Glenbrook Square,"Foot Locker Glenbrook Square, 4201 Coldwater Road Space D02, Fort Wayne, IN 46805"
Foot Locker Greenwood Park Mall,"Foot Locker Greenwood Park Mall, 1251 Us 31 North Space G-09a, Greenwood, IN 46142"
Foot Locker Cherry Tree Plaza,"Foot Locker Cherry Tree Plaza, 9727 E Washington Street, Indianapolis, IN 46229"
Foot Locker Castleton Square Mall,"Foot Locker Castleton Square Mall, 6020 E 82nd St Ste 932, Indianapolis, IN 46250"
Foot Locker Markland Mall,"Foot Locker Markland Mall, 1206 S 17th Street Space D07b, Kokomo, IN 46902"
Foot Locker Tippecanoe Mall,"Foot Locker Tippecanoe Mall, 2415 Sagamore Pkwy South Space B-5, Lafayette, IN 47905"
Foot Locker Southlake Mall,"Foot Locker Southlake Mall, 1944 Southlake Mall Space 124, Merrillville, IN 46410"
Foot Locker University Park Shop,"Foot Locker University Park Shop, 6501 N Grape Road Space 208, Mishawaka, IN 46545"
Foot Locker Manhattan,"Foot Locker Manhattan, 100 Manhattan Town Center Suite 450, Manhattan, KS 66502"
Foot Locker Oak Park Mall,"Foot Locker Oak Park Mall, 11387 W 95th St, Overland Park, KS 66214"
Foot Locker Towne East Square,"Foot Locker Towne East Square, 7700 E Kellogg St Suite J03b, Wichita, KS 67207"
Foot Locker Town West Square,"Foot Locker Town West Square, 4600 W Kellogg Ave Space J-10, Wichita, KS 67209"
Foot Locker Greenwood Mall,"Foot Locker Greenwood Mall, 2625 Scottsville Rd Ste 320, Bowling Green, KY 42104"
Foot Locker Florence,"Foot Locker Florence, 2012 Florence Mall, Florence, KY 41042"
Foot Locker Fayette Mall,"Foot Locker Fayette Mall, 3401 Nicholasville Road Ste G729, Lexington, KY 40503"
Foot Locker Fourth Street Live!,"Foot Locker Fourth Street Live!, 408 West Liberty Street Space 155, Louisville, KY 40202"
Foot Locker Mall St Matthews,"Foot Locker Mall St Matthews, 5000 Shelbyville Rd Space 1025, Louisville, KY 40207"
Foot Locker Louisville,"Foot Locker Louisville, 3973 7th Street Road, Louisville, KY 40216"
Foot Locker Jefferson Mall,"Foot Locker Jefferson Mall, 4801 Outer Loop Rd Space D-644, Louisville, KY 40219"
Foot Locker Paducah,"Foot Locker Paducah, 5101 Hinkleville Road Unit 340, Paducah, KY 42001"
Foot Locker Alexandria,"Foot Locker Alexandria, 3437 Masonic Drive Space 1170, Alexandria, LA 71301"
Foot Locker Hammond Aire Plaza,"Foot Locker Hammond Aire Plaza, 9638 Airline Hwy, Baton Rouge, LA 70815"
Foot Locker Baton Rouge,"Foot Locker Baton Rouge, 6401 Bluebonnet Boulevard Suite 2020, Baton Rouge, LA 70836"
Foot Locker Bossier City,"Foot Locker Bossier City, 2950 East Texas Street, Bossier City, LA 71111"
Foot Locker Gretna,"Foot Locker Gretna, 197 Westbank Expy Suite 1020, Gretna, LA 70053"
Foot Locker Hammond Square Mall,"Foot Locker Hammond Square Mall, 306 Palace Drive, Hammond, LA 70403"
Foot Locker Houma,"Foot Locker Houma, 5953 West Park Avenue Suite 2047, Houma, LA 70364"
Foot Locker Kenner Plaza,"Foot Locker Kenner Plaza, 3300 Williams Blvd, Kenner, LA 70065"
Foot Locker Lafayette,"Foot Locker Lafayette, 5725 Johnston Street, Lafayette, LA 70503"
Foot Locker Lake Charles,"Foot Locker Lake Charles, 520 West Prien Lake Road, Lake Charles, LA 70601"
Foot Locker Metairie,"Foot Locker Metairie, 3301 Veterans Memorial Boulevard, Metairie, LA 70002"
Foot Locker Carrollton Plaza S/c,"Foot Locker Carrollton Plaza S/c, 3600 S Carrolton Ave Suite C & D, New Orleans, LA 70118"
Foot Locker New Orleans,"Foot Locker New Orleans, 732 Canal Street, New Orleans, LA 70130"
Foot Locker Shreveport,"Foot Locker Shreveport, 1133 Saint Vincent Avenue Space 190, Shreveport, LA 71104"
Foot Locker Auburn,"Foot Locker Auburn, 385 Southbridge Street Space S050, Box 1715, Auburn, MA 01501"
Foot Locker Boston,"Foot Locker Boston, 375 Washington Street, Boston, MA 02108"
Foot Locker Boston,"Foot Locker Boston, 2275 Washington Street, Boston, MA 02119"
Foot Locker Braintree,"Foot Locker Braintree, 250 Granite Street Ste 1077A, Braintree, MA 02184"
Foot Locker Cambridge,"Foot Locker Cambridge, 100 Cambridgeside Place Mailbox 106, Suite 208, Cambridge, MA 02141"
Foot Locker Holyoke,"Foot Locker Holyoke, 50 Holyoke Street Box 10014, Holyoke, MA 01040"
Foot Locker Berkshire Mall,"Foot Locker Berkshire Mall, 67 Berkshire Mall, Lanesborough, MA 01237"
Foot Locker Natick,"Foot Locker Natick, 1245 Worcester Street Suite 2190, Natick, MA 01760"
Foot Locker North Attleborough,"Foot Locker North Attleborough, 999 South Washington Street Space E, North Attleborough, MA 02760"
Foot Locker North Dartmouth,"Foot Locker North Dartmouth, 115 North Dartmouth, North Dartmouth, MA 02747"
Foot Locker Peabody,"Foot Locker Peabody, 210 Andover Street Space W108B, Peabody, MA 01960"
Foot Locker Saugus,"Foot Locker Saugus, 759 Broadway, Saugus, MA 01906"
Foot Locker Greendale Mall,"Foot Locker Greendale Mall, 7 Neponset Street, Worcester, MA 01606"
Foot Locker Annapolis,"Foot Locker Annapolis, 1165 Annapolis Mall, Annapolis, MD 21401"
Foot Locker Baltimore,"Foot Locker Baltimore, 2401 Liberty Heights Avenue Suite 3155, Baltimore, MD 21215"
Foot Locker Baltimore,"Foot Locker Baltimore, 7746 Eastpoint Mall, Baltimore, MD 21224"
Foot Locker Bethesda,"Foot Locker Bethesda, 7101 Democracy Boulevard Suite 1098, Bethesda, MD 20817"
Foot Locker Bowie,"Foot Locker Bowie, 15602 Emerald Way, Bowie, MD 20716"
Foot Locker Columbia,"Foot Locker Columbia, 10300 Little Patuxent Parkway Space 1725, Columbia, MD 21044"
Foot Locker Columbia,"Foot Locker Columbia, 10300 Little Patuxent Pky Space 2660, Columbia, MD 21044"
Foot Locker Forestville,"Foot Locker Forestville, 2050 Donnell Drive Space 2050-I, Forestville, MD 20747"
Foot Locker Frederick,"Foot Locker Frederick, 5500 Buckeystown Pike Space 641, Frederick, MD 21703"
Foot Locker Lakeforest Mall,"Foot Locker Lakeforest Mall, 701 Russell Ave Space D 235, Gaithersburg, MD 20877"
Foot Locker Greenbelt,"Foot Locker Greenbelt, 6000 Greenbelt Road Unit 69, Greenbelt, MD 20770"
Foot Locker Hagerstown,"Foot Locker Hagerstown, 17301 Valley Mall Road Space 590, Hagerstown, MD 21740"
Foot Locker Hanover,"Foot Locker Hanover, 7000 Arundel Mills Circle Space 544, Hanover, MD 21076"
Foot Locker Hillcrest Heights,"Foot Locker Hillcrest Heights, 3743 Branch Avenue Suites 103/106, Hillcrest Heights, MD 20748"
Foot Locker Hyattsville,"Foot Locker Hyattsville, 3500 East-West Highway Space 1010, Hyattsville, MD 20782"
Foot Locker Lanham,"Foot Locker Lanham, 9201 Woodmore Centre Dr Ste 406, Lanham, MD 20706"
Foot Locker Largo,"Foot Locker Largo, 896 Largo Center Dr #14, Largo, MD 20774"
Foot Locker Laurel,"Foot Locker Laurel, 14724 Baltimore Ave, Laurel, MD 20707"
Foot Locker Nottingham,"Foot Locker Nottingham, 8200 Perry Hall Boulevard Space 1020, Nottingham, MD 21236"
Foot Locker Oxon Hill,"Foot Locker Oxon Hill, EASTOVER SHOP CENTER 5131 Indian Head Hwy, Oxon Hill, MD 20745"
Foot Locker Randallstown,"Foot Locker Randallstown, 8715 Liberty Road, Randallstown, MD 21133"
Foot Locker Salisbury,"Foot Locker Salisbury, 2300 N Salisbury Boulevard Space H119, Salisbury, MD 21801"
Foot Locker Silver Spring,"Foot Locker Silver Spring, 8661 Colesville Road Space B108, Silver Spring, MD 20910"
Foot Locker Towson,"Foot Locker Towson, 825 Dulaney Valley Road Suite 3235, Towson, MD 21204"
Foot Locker Waldorf,"Foot Locker Waldorf, 11110 Mall Cir Suite B03, Box 6007, Waldorf, MD 20603"
Foot Locker Wheaton,"Foot Locker Wheaton, 11160 Viers Mill Road Suite G10F, Wheaton, MD 20902"
Foot Locker South Portland,"Foot Locker South Portland, 610 Maine Mall, South Portland, ME 04106"
Foot Locker Briarwood Mall,"Foot Locker Briarwood Mall, 672 Briarwood Circle, Ann Arbor, MI 48108"
Foot Locker Auburn Hills,"Foot Locker Auburn Hills, 4186 Baldwin Road Suite 336, Auburn Hills, MI 48326"
Foot Locker Dearborn,"Foot Locker Dearborn, 18900 Michigan Avenue Space M-124, Dearborn, MI 48126"
Foot Locker Detroit,"Foot Locker Detroit, 14296 Gratiot Avenue, Detroit, MI 48205"
Foot Locker Detroit,"Foot Locker Detroit, 6100 W Vernor Highway, Detroit, MI 48209"
Foot Locker Detroit,"Foot Locker Detroit, 11970 East Warren Street, Detroit, MI 48214"
Foot Locker Detroit,"Foot Locker Detroit, 14712 Mack Avenue, Detroit, MI 48215"
Foot Locker Detroit,"Foot Locker Detroit, 20280 West 7 Mile Road, Detroit, MI 48219"
Foot Locker Detroit,"Foot Locker Detroit, 15234 Grand River Avenue, Detroit, MI 48227"
Foot Locker Detroit,"Foot Locker Detroit, 1960 E Eight Mile Road, Detroit, MI 48234"
Foot Locker Detroit,"Foot Locker Detroit, 2942 West Davison Plaza, Detroit, MI 48238"
Foot Locker Eastpointe,"Foot Locker Eastpointe, 15015 East 8 Mile Road, Eastpointe, MI 48021"
Foot Locker Grand Rapids,"Foot Locker Grand Rapids, 3115 28th Street Southeast Space F-104, Grand Rapids, MI 49512"
Foot Locker Grandville,"Foot Locker Grandville, 3700 Rivertown Parkway Space 1204, Grandville, MI 49418"
Foot Locker Harper Woods,"Foot Locker Harper Woods, 17755 East Eight Mile Road, Harper Woods, MI 48225"
Foot Locker Highland Park,"Foot Locker Highland Park, 14108 Woodward Avenue, Highland Park, MI 48203"
Foot Locker Lansing,"Foot Locker Lansing, 5356 West Saginaw Highway, Lansing, MI 48917"
Foot Locker Muskegon,"Foot Locker Muskegon, 5600 Harvey Street Suite 1036, Muskegon, MI 49444"
Foot Locker Novi,"Foot Locker Novi, 27694 Novi Road, Novi, MI 48377"
Foot Locker Oak Park,"Foot Locker Oak Park, 21230 Greenfield Rd, Oak Park, MI 48237"
Foot Locker Okemos,"Foot Locker Okemos, 1982 West Grand River Avenue Space 553, Okemos, MI 48864"
Foot Locker Portage,"Foot Locker Portage, 6650 South Westnedge Avenue Space 142, Portage, MI 49024"
Foot Locker Redford,"Foot Locker Redford, 9189 Telegraph Road, Redford, MI 48239"
Foot Locker Roseville,"Foot Locker Roseville, 32401 Gratiot Avenue, Roseville, MI 48066"
Foot Locker Shelby Township,"Foot Locker Shelby Township, 13825 Hall Road, Shelby Township, MI 48315"
Foot Locker Southfield,"Foot Locker Southfield, 28670 Telegraph Road, Southfield, MI 48034"
Foot Locker Taylor,"Foot Locker Taylor, 23000 Eureka Road Space 1690, Taylor, MI 48180"
Foot Locker Troy,"Foot Locker Troy, 362 West 14 Mile Road, Troy, MI 48083"
Foot Locker Troy,"Foot Locker Troy, 2800 West Big Beaver Suite Y309, Troy, MI 48084"
Foot Locker Westland,"Foot Locker Westland, 35000 West Warren Road, Westland, MI 48185"
Foot Locker Bloomington,"Foot Locker Bloomington, 60 East Broadway 356 North Garden, Bloomington, MN 55425"
Foot Locker Brooklyn Center,"Foot Locker Brooklyn Center, 1580 Shingle Creek Crossing Suite 110, Brooklyn Center, MN 55429"
Foot Locker Burnsville,"Foot Locker Burnsville, 1083 Burnsville Center, Burnsville, MN 55306"
Foot Locker Roseville,"Foot Locker Roseville, 1595 Highway 36 West Space 285, Roseville, MN 55113"
Foot Locker St. Cloud,"Foot Locker St. Cloud, 4201 West Division Street Suite B-13, St. Cloud, MN 56301"
Foot Locker Chesterfield Mall,"Foot Locker Chesterfield Mall, 256 Chesterfield Mall, Chesterfield, MO 63017"
Foot Locker Columbia Mall,"Foot Locker Columbia Mall, 2300 Bernadette Drive Space 414, Columbia, MO 65203"
Foot Locker West County Mall,"Foot Locker West County Mall, 159 West County Center, Des Peres, MO 63131"
Foot Locker Independence Center,"Foot Locker Independence Center, 18813 E 39th St S Ste 162, Independence, MO 64057"
Foot Locker Plaza On The Boulevard,"Foot Locker Plaza On The Boulevard, 8023 G W Florissant, Jennings, MO 63136"
Foot Locker Kansas City,"Foot Locker Kansas City, 603 West 47th Street, Kansas City, MO 64112"
Foot Locker Ward Parkway Shop Ct,"Foot Locker Ward Parkway Shop Ct, 8600 Ward Pkwy Space 2030, Kansas City, MO 64114"
Foot Locker ST. LOUIS,"Foot Locker ST. LOUIS, 1488 SAINT LOUIS GALLERIA, ST. LOUIS, MO 63117"
Foot Locker St. Louis,"Foot Locker St. Louis, NW CROSSING 973 Northwest Plaza Dr, St. Louis, MO 63074"
Foot Locker MLK Plaza,"Foot Locker MLK Plaza, 3651 Page Blvd, St. Louis, MO 63113"
Foot Locker Saint Louis Galleria,"Foot Locker Saint Louis Galleria, 2476 Saint Louis Galleria, St. Louis, MO 63117"
Foot Locker Battlefield Mall,"Foot Locker Battlefield Mall, 2825 S Glenstone Ave Space P-19a, Springfield, MO 65804"
Foot Locker ST. LOUIS,"Foot Locker ST. LOUIS, 1488 SAINT LOUIS GALLERIA, ST. LOUIS, MO 63117"
Foot Locker St. Louis,"Foot Locker St. Louis, NW CROSSING 973 Northwest Plaza Dr, St. Louis, MO 63074"
Foot Locker MLK Plaza,"Foot Locker MLK Plaza, 3651 Page Blvd, St. Louis, MO 63113"
Foot Locker Saint Louis Galleria,"Foot Locker Saint Louis Galleria, 2476 Saint Louis Galleria, St. Louis, MO 63117"
Foot Locker Edgewater Mall,"Foot Locker Edgewater Mall, 2600 Beach Blvd, Biloxi, MS 39531"
Foot Locker Hattiesburg,"Foot Locker Hattiesburg, 1000 Turtle Creek Dr Space 20, Hattiesburg, MS 39402"
Foot Locker Sawmill Square Mall,"Foot Locker Sawmill Square Mall, 910 Sawmill Rd Ste 239, Laurel, MS 39440"
Foot Locker Bonita Lakes Mall,"Foot Locker Bonita Lakes Mall, 1000 Bonita Lakes Cirle, Meridian, MS 39301"
Foot Locker North Park Mall,"Foot Locker North Park Mall, 1200 E County Lne Rd, Ridgeland, MS 39157"
Foot Locker Barnes Crossing,"Foot Locker Barnes Crossing, 1001 Barnes Crossing, Tupelo, MS 38804"
Foot Locker Rimrock Mall,"Foot Locker Rimrock Mall, 300 South 24th St W Space E02a, Billings, MT 59102"
Foot Locker Randolph Mall,"Foot Locker Randolph Mall, 1437 E Dixie Drive, Asheboro, NC 27203"
Foot Locker Asheville Mall,"Foot Locker Asheville Mall, 3 South Tunnel Rd Space K12, Asheville, NC 28805"
Foot Locker Alamance Crossing,"Foot Locker Alamance Crossing, 931 Boston Drive Space D2, Burlington, NC 27215"
Foot Locker Charlotte,"Foot Locker Charlotte, 3121 Freedom Drive, Charlotte, NC 28208"
Foot Locker Southpark Mall,"Foot Locker Southpark Mall, 4400 Sharon Road Ste E20, Charlotte, NC 28211"
Foot Locker Northlake Mall,"Foot Locker Northlake Mall, 6801 Northlake Mall Ste 119a, Charlotte, NC 28216"
Foot Locker Carolina Mall,"Foot Locker Carolina Mall, 1480 Concord Pkwy N Ste 320, Concord, NC 28025"
Foot Locker Concord Mills,"Foot Locker Concord Mills, 8111 Concord Mills Blvd Suite 636, Concord, NC 28027"
Foot Locker The Streets At South,"Foot Locker The Streets At South, 6910 Fayetteville Road Ste 282, Durham, NC 27713"
Foot Locker Cross Creek Mall,"Foot Locker Cross Creek Mall, 419 Cross Creek Mall, Fayetteville, NC 28303"
Foot Locker Eutaw Village Shop Center,"Foot Locker Eutaw Village Shop Center, 2730 Bragg Blvd, Fayetteville, NC 28303"
Foot Locker Eastridge Mall,"Foot Locker Eastridge Mall, 246 N New Hope Rd Space 229, Gastonia, NC 28054"
Foot Locker Berkeley Mall,"Foot Locker Berkeley Mall, 613 N Berkeley Blvd Suite C, Goldsboro, NC 27534"
Foot Locker Summit Shopping Plaza,"Foot Locker Summit Shopping Plaza, 952 Summit Avenue, Greensboro, NC 27405"
Foot Locker Four Seasons Town Ct,"Foot Locker Four Seasons Town Ct, 410 Four Seasons Town Ctr Ste 335, Greensboro, NC 27407"
Foot Locker Greenville Mall,"Foot Locker Greenville Mall, 714 Se Greenville Blvd Ste H2, Greenville, NC 27858"
Foot Locker Hickory,"Foot Locker Hickory, 1960 Hwy 70 Se Space 166, Hickory, NC 28602"
Foot Locker Jacksonville Mall,"Foot Locker Jacksonville Mall, 354 Jacksonville Mall, Jacksonville, NC 28546"
Foot Locker Biggs Park Mall,"Foot Locker Biggs Park Mall, 2800 North Elm Street, Lumberton, NC 28358"
Foot Locker Carolina Place Mall,"Foot Locker Carolina Place Mall, 11025 Carolina Place Suite D-36, Pineville, NC 28134"
Foot Locker Crabtree Valley Mall,"Foot Locker Crabtree Valley Mall, 4325 Glenwood Ave Ste 1082, Raleigh, NC 27612"
Foot Locker Triangle Town Center,"Foot Locker Triangle Town Center, 5959 Triangle Town Blvd Suite Bu-2050, Raleigh, NC 27616"
Foot Locker Independence Mall,"Foot Locker Independence Mall, 3500 Oleander Dr, Wilmington, NC 28403"
Foot Locker Hanes Mall,"Foot Locker Hanes Mall, 3320 Silas Creek Parkway Suite 240, Winston Salem, NC 27103"
Foot Locker Grand Island,"Foot Locker Grand Island, 3404 West 13th Street Unit 136, Grand Island, NE 68803"
Foot Locker Lincoln,"Foot Locker Lincoln, 6100 O Street Suite 406, Lincoln, NE 68505"
Foot Locker Westroads Mall,"Foot Locker Westroads Mall, 10000 California, Omaha, NE 68114"
Foot Locker Mall Of New Hampshire,"Foot Locker Mall Of New Hampshire, 1500 S Willow Street, Manchester, NH 03103"
Foot Locker Pheasant Lane Mall,"Foot Locker Pheasant Lane Mall, 310 Daniel Webster Hwy Suite 131, Nashua, NH 03060"
Foot Locker Rockingham Park Mall,"Foot Locker Rockingham Park Mall, 99 Rockingham Park Blvd Space W-169, Salem, NH 03079"
Foot Locker Bayonne,"Foot Locker Bayonne, 560 Broadway, Bayonne, NJ 07002"
Foot Locker Bridgewater,"Foot Locker Bridgewater, 400 Commons Way Suite 356, Bridgewater, NJ 08807"
Foot Locker Cherry Hill,"Foot Locker Cherry Hill, 2000 Route 38 Suite 1680, Cherry Hill, NJ 08002"
Foot Locker East Brunswick,"Foot Locker East Brunswick, 755 Route 18 Space 316, East Brunswick, NJ 08816"
Foot Locker East Rutherford,"Foot Locker East Rutherford, 1 Meadowlands Plz B255 American Dream, East Rutherford, NJ 07073"
Foot Locker East Rutherford,"Foot Locker East Rutherford, American Dream 1 Meadowlands Plz B255, East Rutherford, NJ 07073"
Foot Locker East Rutherford,"Foot Locker East Rutherford, 1 American Dream Way C102, East Rutherford, NJ 07073"
Foot Locker Edison,"Foot Locker Edison, 55 Parsonage Road Unit 327, Edison, NJ 08837"
Foot Locker Elizabeth,"Foot Locker Elizabeth, 651 Kapkowski Road, Elizabeth, NJ 07201"
Foot Locker Ewing,"Foot Locker Ewing, 1540 North Olden Avenue, Ewing, NJ 08638"
Foot Locker Freehold,"Foot Locker Freehold, 3710 Route 9 Ste 2402, Freehold, NJ 07728"
Foot Locker Irvington,"Foot Locker Irvington, 1033 Springfield Avenue, Irvington, NJ 07111"
Foot Locker Jersey City,"Foot Locker Jersey City, 701 Route 440 Space 25, Jersey City, NJ 07304"
Foot Locker Jersey City,"Foot Locker Jersey City, 30 Mall Drive West Unit 0B04, Jersey City, NJ 07310"
Foot Locker Lawrenceville,"Foot Locker Lawrenceville, 3320 US Highway 1 Unit 209, Lawrenceville, NJ 08648"
Foot Locker Linden,"Foot Locker Linden, 820 W Edgar Rd, Linden, NJ 07036"
Foot Locker Livingston,"Foot Locker Livingston, 112 Eisenhower Parkway Space 2050, Livingston, NJ 07039"
Foot Locker Mays Landing,"Foot Locker Mays Landing, 4403 Black Horse Pike Ste 2138A, Mays Landing, NJ 08330"
Foot Locker Mays Landing,"Foot Locker Mays Landing, 4403 Black Horse Pike Suite 1066A, Mays Landing, NJ 08330"
Foot Locker Newark,"Foot Locker Newark, 146 Market Street, Newark, NJ 07102"
Foot Locker PARAMUS,"Foot Locker PARAMUS, 1004 GARDEN STATE PLAZA, PARAMUS, NJ 07652"
Foot Locker Paramus,"Foot Locker Paramus, 1216 Garden State Plaza, Paramus, NJ 07652"
Foot Locker PARAMUS,"Foot Locker PARAMUS, 1004 GARDEN STATE PLAZA, PARAMUS, NJ 07652"
Foot Locker Paramus,"Foot Locker Paramus, 1216 Garden State Plaza, Paramus, NJ 07652"
Foot Locker Passaic,"Foot Locker Passaic, 680 Main Avenue, Passaic, NJ 07055"
Foot Locker Paterson,"Foot Locker Paterson, 215 Main Street, Paterson, NJ 07505"
Foot Locker Rockaway,"Foot Locker Rockaway, 301 Mountain Hope Avenue Space 2026, Rockaway, NJ 07866"
Foot Locker Short Hills,"Foot Locker Short Hills, 1200 Morris Turnpike Space B121, Short Hills, NJ 07078"
Foot Locker Somerset,"Foot Locker Somerset, 921 Hamilton Street, Somerset, NJ 08873"
Foot Locker Toms River,"Foot Locker Toms River, 1201 Hooper Avenue Space 1070B, Toms River, NJ 08753"
Foot Locker Union,"Foot Locker Union, 2401 Route 22 West & Springfield Road, Union, NJ 07083"
Foot Locker Union City,"Foot Locker Union City, 3601 Bergenline Avenue, Union City, NJ 07087"
Foot Locker Vineland,"Foot Locker Vineland, 3849 South Delsea Drive Suite B11, Vineland, NJ 08360"
Foot Locker Vineland,"Foot Locker Vineland, 3849 Delsea Dr Ste F16, Vineland, NJ 08360"
Foot Locker Wayne,"Foot Locker Wayne, 1400 Willowbrook Boulevard Space 1250, Wayne, NJ 07470"
Foot Locker West New York,"Foot Locker West New York, 5819 Bergenline Avenue, West New York, NJ 07093"
Foot Locker Woodbridge,"Foot Locker Woodbridge, 152 Woodbridge Center, Woodbridge, NJ 07095"
Foot Locker Woodbury,"Foot Locker Woodbury, 1750 Deptford Center Road Space 1199, Woodbury, NJ 08096"
Foot Locker Albuquerque,"Foot Locker Albuquerque, 6600 Menaul Boulevard Northeast Space L005, Albuquerque, NM 87110"
Foot Locker Albuquerque,"Foot Locker Albuquerque, 10000 Coors Bypass Northwest Suite F15, Albuquerque, NM 87114"
Foot Locker Farmington,"Foot Locker Farmington, 4601 East Main Street Space 424, Farmington, NM 87402"
Foot Locker Gallup,"Foot Locker Gallup, 1300 West Maloney Avenue, Gallup, NM 87301"
Foot Locker Las Cruces,"Foot Locker Las Cruces, 700 South Teleshor Boulevard Space 1514, Las Cruces, NM 88011"
Foot Locker Santa Fe,"Foot Locker Santa Fe, 4250 Cerrillos Road, Santa Fe, NM 87507"
Foot Locker Henderson,"Foot Locker Henderson, 1300 West Sunset Road Suite 2309, Henderson, NV 89014"
Foot Locker Las Vegas,"Foot Locker Las Vegas, 4300 Meadows Lane Suite 115, Las Vegas, NV 89107"
Foot Locker Las Vegas,"Foot Locker Las Vegas, 3200 Las Vegas Boulevard South Suite 1640, Las Vegas, NV 89109"
Foot Locker Las Vegas,"Foot Locker Las Vegas, 3663 Las Vegas Boulevard South Suite 295, Las Vegas, NV 89109"
Foot Locker Downtown Summerlin,"Foot Locker Downtown Summerlin, 2120 Festival Plaza Ste 180, Las Vegas, NV 89135"
Foot Locker Las Vegas,"Foot Locker Las Vegas, 3500 South Maryland Parkway, Las Vegas, NV 89169"
Foot Locker Meadowood Mall,"Foot Locker Meadowood Mall, 5120 Meadowood Mall Space B116, Reno, NV 89502"
Foot Locker Albany,"Foot Locker Albany, 120 Washington Avenue Ext Box 160, Albany, NY 12203"
Foot Locker Albany,"Foot Locker Albany, 131 Colonie Center Space 130, Albany, NY 12205"
Foot Locker Astoria,"Foot Locker Astoria, 30-33 Steinway Street, Astoria, NY 11103"
Foot Locker Bay Shore,"Foot Locker Bay Shore, 852 Sunrise Highway, Bay Shore, NY 11706"
Foot Locker Bayside,"Foot Locker Bayside, 211-39 26th Ave Space B5, Bayside, NY 11360"
Foot Locker 170th Ave.,"Foot Locker 170th Ave., 30 East 170Th Street, Bronx, NY 10452"
Foot Locker 3rd Ave.,"Foot Locker 3rd Ave., 2886 3rd Avenue, Bronx, NY 10455"
Foot Locker Fordham Rd.,"Foot Locker Fordham Rd., 226 East Fordham Road, Bronx, NY 10458"
Foot Locker Tremont Ave.,"Foot Locker Tremont Ave., 775 E Tremont Avenue, Bronx, NY 10460"
Foot Locker Pelham Parkway,"Foot Locker Pelham Parkway, 2166 White Plains Road, Bronx, NY 10462"
Foot Locker Bronx,"Foot Locker Bronx, 1447 Metropolitan Ave, Bronx, NY 10462"
Foot Locker 225th St.,"Foot Locker 225th St., 60 West 225th Street, Bronx, NY 10463"
Foot Locker White Plaines Road,"Foot Locker White Plaines Road, 3965 White Plains Road Suite 63, Bronx, NY 10466"
Foot Locker Westchester Ave.,"Foot Locker Westchester Ave., 1586 Westchester Ave, Bronx, NY 10472"
Foot Locker Bronx,"Foot Locker Bronx, 200 Baychester Suite 307-309, Bronx, NY 10475"
Foot Locker Bronx,"Foot Locker Bronx, 2272 Bartow Ave, Bronx, NY 10475"
Foot Locker Bronx,"Foot Locker Bronx, 949 Southern Boulevard #953, Bronx, NY 33323"
Foot Locker Downtown Brooklyn,"Foot Locker Downtown Brooklyn, 408 Fulton Street, Brooklyn, NY 11201"
Foot Locker Brooklyn,"Foot Locker Brooklyn, 468 Fulton Street, Brooklyn, NY 11201"
Foot Locker Brooklyn,"Foot Locker Brooklyn, 543 Fulton Street, Brooklyn, NY 11201"
Foot Locker Broadway Brooklyn,"Foot Locker Broadway Brooklyn, 767 Broadway, Brooklyn, NY 11206"
Foot Locker Liberty Ave.,"Foot Locker Liberty Ave., 1166-1168 LIBERTY AVE, Brooklyn, NY 11208"
Foot Locker Bay Ridge,"Foot Locker Bay Ridge, 457 86th Street #459, Brooklyn, NY 11209"
Foot Locker Flatbush Ave.,"Foot Locker Flatbush Ave., 1565 Flatbush Avenue #1567, Brooklyn, NY 11210"
Foot Locker Pitkin Ave.,"Foot Locker Pitkin Ave., 1636 Pitkin Avenue, Brooklyn, NY 11212"
Foot Locker 86th St. Brooklyn,"Foot Locker 86th St. Brooklyn, 2061 86th Street, Brooklyn, NY 11214"
Foot Locker Brooklyn,"Foot Locker Brooklyn, 2115 86th Street, Brooklyn, NY 11214"
Foot Locker Fulton St.,"Foot Locker Fulton St., 1268 Fulton Street, Brooklyn, NY 11216"
Foot Locker Brooklyn,"Foot Locker Brooklyn, 5314 5th Avenue, Brooklyn, NY 11220"
Foot Locker Brooklyn,"Foot Locker Brooklyn, 912 Flatbush Ave, Brooklyn, NY 11226"
Foot Locker Kings Plaza,"Foot Locker Kings Plaza, 5266 Kings Plaza, Brooklyn, NY 11234"
Foot Locker Knickerbocker Ave.,"Foot Locker Knickerbocker Ave., 416-418 Knickerbocker Avenue, Brooklyn, NY 11237"
Foot Locker Buffalo,"Foot Locker Buffalo, 1 Walden Galleria, Buffalo, NY 14225"
Foot Locker Great Northern Mall,"Foot Locker Great Northern Mall, 4155 Route 31, Clay, NY 13041"
Foot Locker Elmhurst,"Foot Locker Elmhurst, 90-15 Queens Boulevard Space 3009, Elmhurst, NY 11373"
Foot Locker THE SHOPS AT SKYVIEW,"Foot Locker THE SHOPS AT SKYVIEW, 40-24 COLLEGE POINT BLVD SPACE D1, FLUSHING, NY 11354"
Foot Locker Garden City,"Foot Locker Garden City, 630 Old Country Road Space 1124B, Garden City, NY 11530"
Foot Locker Glendale,"Foot Locker Glendale, 8028 Cooper Avenue, Glendale, NY 11385"
Foot Locker Huntington Station,"Foot Locker Huntington Station, 160 Walt Whitman Road Suite 1032, Huntington Station, NY 11746"
Foot Locker Jackson Heights,"Foot Locker Jackson Heights, 37-20 82nd Street, Jackson Heights, NY 11372"
Foot Locker Jamaica,"Foot Locker Jamaica, 164-14 Jamaica Avenue, Jamaica, NY 11432"
Foot Locker Johnson City,"Foot Locker Johnson City, 223 Reynolds Road, Johnson City, NY 13790"
Foot Locker Lake Grove,"Foot Locker Lake Grove, 102 Smithhaven Mall, Lake Grove, NY 11755"
Foot Locker Massapequa,"Foot Locker Massapequa, 1085 Sunrise Mall, Massapequa, NY 11758"
Foot Locker New Hartford,"Foot Locker New Hartford, 1 Sangertown Square Suite E08, New Hartford, NY 13413"
Foot Locker New Hyde Park,"Foot Locker New Hyde Park, 1484 UNION TURNPIKE, New Hyde Park, NY 11040"
Foot Locker 11 West 34th St.,"Foot Locker 11 West 34th St., 11 West 34th Street, New York, NY 10001"
Foot Locker 14th St. Union Square,"Foot Locker 14th St. Union Square, 22 East 14th Street, New York, NY 10003"
Foot Locker 716 Broadway,"Foot Locker 716 Broadway, 716 Broadway, New York, NY 10003"
Foot Locker 14th St. and 6th Ave.,"Foot Locker 14th St. and 6th Ave., 58 West 14th Street, New York, NY 10011"
Foot Locker SoHo,"Foot Locker SoHo, 440 Broadway, New York, NY 10013"
Foot Locker E 42nd St.,"Foot Locker E 42nd St., 150 East 42nd Street, New York, NY 10017"
Foot Locker New York,"Foot Locker New York, 272 W 125th St #278, New York, NY 10027"
Foot Locker New York,"Foot Locker New York, 272 W 125th Street, New York, NY 10027"
Foot Locker 86th St.,"Foot Locker 86th St., 159 East 86th Street, New York, NY 10028"
Foot Locker 106 and 3rd Ave.,"Foot Locker 106 and 3rd Ave., 1905 Third Ave, New York, NY 10029"
Foot Locker Washington Heights,"Foot Locker Washington Heights, 605 West 181st Street, New York, NY 10033"
Foot Locker New York,"Foot Locker New York, 165 E 125Th Street, New York, NY 10035"
Foot Locker Times Square,"Foot Locker Times Square, 1460 Broadway, New York, NY 10036"
Foot Locker Dyckman St.,"Foot Locker Dyckman St., 140 Dyckman Street, New York, NY 10040"
Foot Locker 34th St. Herald Square,"Foot Locker 34th St. Herald Square, 112 W 34th St, New York, NY 10120"
Foot Locker Outlet Niagara Falls,"Foot Locker Outlet Niagara Falls, 1616 Military Road Box 42, Niagara Falls, NY 14304"
Foot Locker Poughkeepsie,"Foot Locker Poughkeepsie, 2001 South Road Suite D212, Poughkeepsie, NY 12601"
Foot Locker Rochester,"Foot Locker Rochester, 521 Miracle Mile Drive, Rochester, NY 14623"
Foot Locker Rochester,"Foot Locker Rochester, 260 Greece Ridge Center Drive, Rochester, NY 14626"
Foot Locker Staten Island,"Foot Locker Staten Island, 2655 Richmond Avenue Space T129, Staten Island, NY 10314"
Foot Locker Staten Island,"Foot Locker Staten Island, 2655 Richmond Avenue Space 2462, Staten Island, NY 10314"
Foot Locker Destiny Usa,"Foot Locker Destiny Usa, 9733 Destiny Usa Drive, Syracuse, NY 13204"
Foot Locker Valley Stream,"Foot Locker Valley Stream, 1074 Green Acres Mall Space 113, Valley Stream, NY 11581"
Foot Locker West Nyack,"Foot Locker West Nyack, 2482 Palisades Center, West Nyack, NY 10994"
Foot Locker White Plains,"Foot Locker White Plains, 125 Westchester Ave Space 3110A, White Plains, NY 10601"
Foot Locker White Plains,"Foot Locker White Plains, 100 Main Street Suite 317, White Plains, NY 10601"
Foot Locker Woodmere,"Foot Locker Woodmere, 253-01 Rockaway Blvd. Space 23A, Woodmere, NY 11422"
Foot Locker Yonkers,"Foot Locker Yonkers, 8090 Mall Walk, Yonkers, NY 10704"
Foot Locker Yonkers,"Foot Locker Yonkers, 2582 Central Park Avenue, Yonkers, NY 10710"
Foot Locker Yorktown Heights,"Foot Locker Yorktown Heights, 650 Lee Boulevard Space F20B, Yorktown Heights, NY 10598"
Foot Locker Fairfield Commons,"Foot Locker Fairfield Commons, 2727 Fairfield Commons Space W257, Beavercreek, OH 45431"
Foot Locker Bedford Heights,"Foot Locker Bedford Heights, 5209 Northfield Road, Bedford Heights, OH 44146"
Foot Locker Southern Park Mall,"Foot Locker Southern Park Mall, 7401 Market Street Ste 460, Boardman, OH 44512"
Foot Locker Belden Village Mall,"Foot Locker Belden Village Mall, 4319 Belden Village, Canton, OH 44718"
Foot Locker Western Hills Plaza,"Foot Locker Western Hills Plaza, 6010 Glenway Avenue, Cincinnati, OH 45211"
Foot Locker Kenwood Towne Centre,"Foot Locker Kenwood Towne Centre, 7875 Montgomery Rd Suite L-137, Cincinnati, OH 45236"
Foot Locker Columbus,"Foot Locker Columbus, 3743-45 E Broad St, Columbus, OH 43213"
Foot Locker Easton Town Center,"Foot Locker Easton Town Center, 170 Easton Town Center Ste A116, Columbus, OH 43219"
Foot Locker Northern Lights Shop,"Foot Locker Northern Lights Shop, 3449 Cleveland Avenue, Columbus, OH 43224"
Foot Locker Dayton Mall,"Foot Locker Dayton Mall, 2700 Miamisburg Centerville Rd Ste 284, Dayton, OH 45459"
Foot Locker Mall @ Tuttle Crossing,"Foot Locker Mall @ Tuttle Crossing, 5043 Tuttle Crossing Ste 265a, Dublin, OH 43016"
Foot Locker East Cleveland,"Foot Locker East Cleveland, 13534 Euclid Street FOREST HILLS MALL, East Cleveland, OH 44112"
Foot Locker Summit Mall,"Foot Locker Summit Mall, 3265 W Market Street Space 248a, Fairlawn, OH 44333"
Foot Locker Liberty Center,"Foot Locker Liberty Center, 7100 Foundry Row, Liberty Township, OH 45069"
Foot Locker Eastwood Mall,"Foot Locker Eastwood Mall, 5555 Youngstown Warren Rd Suite 930, Niles, OH 44446"
Foot Locker Great Northern Mall,"Foot Locker Great Northern Mall, 320 Great Northern Mall, North Olmsted, OH 44070"
Foot Locker Reynoldsburg,"Foot Locker Reynoldsburg, 2640 Brice Rd Spc 5, Reynoldsburg, OH 43068"
Foot Locker Oakwood Commons,"Foot Locker Oakwood Commons, 1832 Warrensville Ctr Rd, South Euclid, OH 44121"
Foot Locker Springdale,"Foot Locker Springdale, 11711 Princeton Pike Space 241, Springdale, OH 45246"
Foot Locker Southpark Mall,"Foot Locker Southpark Mall, 38 Southpark Center, Strongsville, OH 44136"
Foot Locker Franklin Park Mall,"Foot Locker Franklin Park Mall, 5001 Monroe Street Suite 604, Toledo, OH 43623"
Foot Locker Penn Square Mall,"Foot Locker Penn Square Mall, 1901 Nw Expressway Suite 2023-B, Oklahoma City, OK 73118"
Foot Locker Quail Springs Mall,"Foot Locker Quail Springs Mall, 2501 W Memorial Road Suite 210, Oklahoma City, OK 73134"
Foot Locker Woodland Hills Mall,"Foot Locker Woodland Hills Mall, 7021 South Memorial Space 106, Tulsa, OK 74133"
Foot Locker Eugene,"Foot Locker Eugene, 267 Valley River Center, Eugene, OR 97401"
Foot Locker Happy Valley,"Foot Locker Happy Valley, 12000 Southeast 82nd Avenue Suite 2040, Happy Valley, OR 97086"
Foot Locker Salem,"Foot Locker Salem, 831 Lancaster Drive Northeast #165, Salem, OR 97301"
Foot Locker Tigard,"Foot Locker Tigard, 9459 Southwest Washington Square Road, Tigard, OR 97223"
Foot Locker Bensalem,"Foot Locker Bensalem, 618 Neshaminy Mall, Bensalem, PA 19020"
Foot Locker Camp Hill,"Foot Locker Camp Hill, 3567 Capital Mall Drive, Camp Hill, PA 17011"
Foot Locker Erie,"Foot Locker Erie, 470 Millcreek Mall, Erie, PA 16565"
Foot Locker Hazle Township,"Foot Locker Hazle Township, 120 Laurel Mall Unit 15A, Hazle Township, PA 18202"
Foot Locker King Of Prussia,"Foot Locker King Of Prussia, 160 North Gulph Road Suite 1635, King Of Prussia, PA 19406"
Foot Locker Lancaster,"Foot Locker Lancaster, 254 Park City Center Suite 1, Lancaster, PA 17601"
Foot Locker Langhorne,"Foot Locker Langhorne, 2300 East Lincoln Highway, Langhorne, PA 19047"
Foot Locker Philadelphia,"Foot Locker Philadelphia, 1519 Chestnut Street, Philadelphia, PA 19102"
Foot Locker Philadelphia,"Foot Locker Philadelphia, 1600 North Broad Street, Philadelphia, PA 19121"
Foot Locker Philadelphia,"Foot Locker Philadelphia, Park West Town Center 1575 N 52nd St, Philadelphia, PA 19131"
Foot Locker Philadelphia,"Foot Locker Philadelphia, 3451 Aramingo Avenue, Philadelphia, PA 19134"
Foot Locker Philadelphia,"Foot Locker Philadelphia, 38 S 52nd Street #42, Philadelphia, PA 19139"
Foot Locker Philadelphia,"Foot Locker Philadelphia, 2308C West Oregon Ave., Philadelphia, PA 19145"
Foot Locker Philadelphia,"Foot Locker Philadelphia, 423-27 South Street, Philadelphia, PA 19147"
Foot Locker Philadelphia,"Foot Locker Philadelphia, 2335 Cottman Avenue Space 10, Philadelphia, PA 19149"
Foot Locker Outlet Philadelphia,"Foot Locker Outlet Philadelphia, 1406 Franklin Mills Circle Space 725, Philadelphia, PA 19154"
Foot Locker Philadelphia,"Foot Locker Philadelphia, 5614 N Broad St, Philadelphia, PA 19141"
Foot Locker Pittsburgh,"Foot Locker Pittsburgh, 100 Robinson Center Drive Space 2300, Pittsburgh, PA 15205"
Foot Locker Pittsburgh,"Foot Locker Pittsburgh, 1000 Ross Park Mall Drive Space D-01B, Pittsburgh, PA 15237"
Foot Locker Scranton,"Foot Locker Scranton, 20 Viewmont Mall, Scranton, PA 18508"
Foot Locker Springfield,"Foot Locker Springfield, 1250 Baltimore Pike Space 30U, Springfield, PA 19064"
Foot Locker Stroudsburg,"Foot Locker Stroudsburg, 344 Stroud Mall Suite 120, Stroudsburg, PA 18360"
Foot Locker Upper Darby,"Foot Locker Upper Darby, 92-98 South 69th Street, Upper Darby, PA 19082"
Foot Locker Whitehall,"Foot Locker Whitehall, 226 Lehigh Valley Mall, Whitehall, PA 18052"
Foot Locker Willow Grove,"Foot Locker Willow Grove, 2500 Moreland Road Space 3065, Willow Grove, PA 19090"
Foot Locker Wyncote,"Foot Locker Wyncote, 3001 Cheltenham Avenue Suite 2000, Wyncote, PA 19095"
Foot Locker Wyomissing,"Foot Locker Wyomissing, 1665 State Hill Road Suite 810, Wyomissing, PA 19610"
Foot Locker York,"Foot Locker York, 2899 Whiteford Road Suite 227C, York, PA 17402"
Foot Locker Aguadilla Mall,"Foot Locker Aguadilla Mall, Carretera #2 Km 126, Aguadilla, PR 00603"
Foot Locker Plaza Las Flores,"Foot Locker Plaza Las Flores, Km 52.7 State Road Space 5, Aibonito, PR 00705"
Foot Locker Plaza Rio Hondo,"Foot Locker Plaza Rio Hondo, De Diego Exp & Comerio Ave, Bayamon, PR 00961"
Foot Locker Plaza Del Sol Mall,"Foot Locker Plaza Del Sol Mall, 725 Ave West Main Ste 300, Bayamon, PR 00961"
Foot Locker Santa Rosa Mall,"Foot Locker Santa Rosa Mall, Carretera 2 Esq Av. Main Space 38 B, Bayamon, PR 00961"
Foot Locker Las Catalinas Mall,"Foot Locker Las Catalinas Mall, 400 Calle Betances Suite 25, Caguas, PR 00725"
Foot Locker Plaza Escorial,"Foot Locker Plaza Escorial, 65th Infantry Avenue Space A102, Carolina, PR 00979"
Foot Locker Plaza Carolina,"Foot Locker Plaza Carolina, 200 Ave Fragoso, Carolina, PR 00983"
Foot Locker Plaza Cayey Centro,"Foot Locker Plaza Cayey Centro, 8000 Jesus T Pineroad Suite 119, Cayey, PR 00736"
Foot Locker HUMACAO,"Foot Locker HUMACAO, 350 Carr. 3 Suite 350, HUMACAO, PR 00791"
Foot Locker Plaza Del Norte,"Foot Locker Plaza Del Norte, 506 Turncado Street Space D140, Hatillo, PR 00659"
Foot Locker Plaza Isabela,"Foot Locker Plaza Isabela, 3535 Military Ave Suite 179 Plaza Isabela, Isabela, PR 00662"
Foot Locker Plaza Juana Diaz,"Foot Locker Plaza Juana Diaz, 3149 Intersection 584 Space B4, Juana Diaz, PR 00795"
Foot Locker Mayaguez Mall,"Foot Locker Mayaguez Mall, 975 Avenida Suite 126, Mayaguez, PR 00680"
Foot Locker Centro Del Sur Mall,"Foot Locker Centro Del Sur Mall, 1485 Blvd Miguel Pou Suite 243, Ponce, PR 00717"
Foot Locker Plaza Del Caribe,"Foot Locker Plaza Del Caribe, 2050 Ponce By-Pass Ste 170, Ponce, PR 00717"
Foot Locker Ochoa Building,"Foot Locker Ochoa Building, 500 Calle Del La Tanca, San Juan, PR 00901"
Foot Locker Plaza Las Americas,"Foot Locker Plaza Las Americas, 525 F.d. Roosevelt Space 29, San Juan, PR 00918"
Foot Locker Plaza Vega Baja,"Foot Locker Plaza Vega Baja, Pr 155 Km 37.2, Vega Baja, PR 00693"
Foot Locker Providence,"Foot Locker Providence, 50 Providence Place, Providence, RI 02903"
Foot Locker Warwick,"Foot Locker Warwick, 400 Bald Hill Road Suite E103, Warwick, RI 02886"
Foot Locker Warwick,"Foot Locker Warwick, 400 Bald Hill Road Suite 158, Warwick, RI 02886"
Foot Locker Columbiana Center,"Foot Locker Columbiana Center, 100 Columbiana Circle Space 1102, Columbia, SC 29212"
Foot Locker Columbia Place,"Foot Locker Columbia Place, 7005 Two Notch Road, Columbia, SC 29223"
Foot Locker Magnolia Mall,"Foot Locker Magnolia Mall, 2701 David Mcleod Blvd Space 1236, Florence, SC 29501"
Foot Locker Florence,"Foot Locker Florence, 2701 David Mcleod Blvd Space 1114, Florence, SC 29501"
Foot Locker Haywood Mall,"Foot Locker Haywood Mall, 700 Haywood Rd, Greenville, SC 29607"
Foot Locker Coastal Grand Mall,"Foot Locker Coastal Grand Mall, 2000 Coastal Grand Circle Suite 310, Myrtle Beach, SC 29577"
Foot Locker Northwoods Mall,"Foot Locker Northwoods Mall, 2150 Northwoods Blvd Unit F-40, North Charleston, SC 29406"
Foot Locker Westgate Mall,"Foot Locker Westgate Mall, 205 W Blackstock Rd Suite 790, Spartanburg, SC 29301"
Foot Locker Empire Mall,"Foot Locker Empire Mall, 1380 W Empire Mall Space 902a, Sioux Falls, SD 57106"
Foot Locker Hamilton Place Mall,"Foot Locker Hamilton Place Mall, 2100 Hamilton Place Space 211, Chattanooga, TN 37421"
Foot Locker Governors Square Mall,"Foot Locker Governors Square Mall, 2801 Wilma Rudolph Blvd Ste 570, Clarksville, TN 37040"
Foot Locker Cool Spring Galleria,"Foot Locker Cool Spring Galleria, 1800 Galleria Blvd Suite 2500, Franklin, TN 37067"
Foot Locker Rivergate Mall,"Foot Locker Rivergate Mall, 1000 Rivergate Parkway Suite 1680, Goodlettsville, TN 37072"
Foot Locker West Town Mall,"Foot Locker West Town Mall, 7600 Kingston Pike Suite 1154, Knoxville, TN 37919"
Foot Locker Oak Court Mall,"Foot Locker Oak Court Mall, 4465 Poplar Ave, Memphis, TN 38117"
Foot Locker Wolfchase Galleria,"Foot Locker Wolfchase Galleria, 2760 N Germantown Pkwy, Memphis, TN 38133"
Foot Locker Southland Mall,"Foot Locker Southland Mall, 1231 Southland Mall Ste 17, Memphis, TN 38116"
Foot Locker Opry Mills,"Foot Locker Opry Mills, 412 Opry Mills Drive, Nashville, TN 37214"
Foot Locker Abilene,"Foot Locker Abilene, 4310 Buffalo Gap Rd Space 1116, Abilene, TX 79606"
Foot Locker Westgate Mall,"Foot Locker Westgate Mall, 7701 I 40 West Ste 628, Amarillo, TX 79121"
Foot Locker Parks At Arlington,"Foot Locker Parks At Arlington, 3811 S Cooper Street Suite 1134, Arlington, TX 76015"
Foot Locker Capital Plaza,"Foot Locker Capital Plaza, 5405 N Interstate 35, Austin, TX 78723"
Foot Locker Barton Creek Square,"Foot Locker Barton Creek Square, 2901 S Capital Of Texas Suite H15, Austin, TX 78746"
Foot Locker Parkdale Mall,"Foot Locker Parkdale Mall, 6155 Eastex Freeway Suite B-272, Beaumont, TX 77706"
Foot Locker Sunrise Mall,"Foot Locker Sunrise Mall, 2370 North Expressway Suite 1476, Brownsville, TX 78521"
Foot Locker Hillside Village,"Foot Locker Hillside Village, 305 West Fm 1382 Suite 506, Cedar Hill, TX 75104"
Foot Locker Lakeline Mall,"Foot Locker Lakeline Mall, 11200 Lakeline Mall Suite C-17, Cedar Park, TX 78613"
Foot Locker Post Oak Mall,"Foot Locker Post Oak Mall, 1500 Harvey Road Space 5000, College Station, TX 77840"
Foot Locker La Palmera Mall,"Foot Locker La Palmera Mall, 5488 S Padre Island Space 1320, Corpus Christi, TX 78411"
Foot Locker Sierra Vista,"Foot Locker Sierra Vista, 3434 W Illinois Ave Ste 200, Dallas, TX 75211"
Foot Locker Lancaster Kiest Shop,"Foot Locker Lancaster Kiest Shop, 3200 S Lancaster Rd Suite 170, Dallas, TX 75216"
Foot Locker Dallas,"Foot Locker Dallas, 9411 Webb Chapel Road, Dallas, TX 75220"
Foot Locker Wynnewood Village,"Foot Locker Wynnewood Village, 115 Wynnewood Village, Dallas, TX 75224"
Foot Locker Dallas,"Foot Locker Dallas, 7700 West Northwest Highway Suite 420, Dallas, TX 75225"
Foot Locker Dallas,"Foot Locker Dallas, 3662 West Camp Wisdom Road Space 2065, Dallas, TX 75237"
Foot Locker Galleria Dallas,"Foot Locker Galleria Dallas, 13350 Dallas Pkwy Ste 2820, Dallas, TX 75240"
Foot Locker Cielo Vista Mall,"Foot Locker Cielo Vista Mall, 8401 Gateway West Space A-06c, El Paso, TX 79925"
Foot Locker La Gran Plaza,"Foot Locker La Gran Plaza, 4200 S Freeway Space 1051, Fort Worth, TX 76115"
Foot Locker Hulen Mall,"Foot Locker Hulen Mall, 4800 S Hulen St Suite 1560, Fort Worth, TX 76132"
Foot Locker Fort Worth,"Foot Locker Fort Worth, 9245 North Freeway, Fort Worth, TX 76177"
Foot Locker Fort Worth,"Foot Locker Fort Worth, 9245 North Freeway, Fort Worth, TX 76177"
Foot Locker Friendswood,"Foot Locker Friendswood, 1058 Baybrook Mall, Friendswood, TX 77546"
Foot Locker Stonebriar Centre,"Foot Locker Stonebriar Centre, 2601 Preston Road Ste 1252, Frisco, TX 75034"
Foot Locker Firewheel Town Center,"Foot Locker Firewheel Town Center, 475 Cedar Sage Drive Space J11, Garland, TX 75040"
Foot Locker Grapevine Mills,"Foot Locker Grapevine Mills, 3000 Grapevine Mills Suite 510, Grapevine, TX 76051"
Foot Locker HOUSTON,"Foot Locker HOUSTON, 13711 WESTHEIMER ROAD SUITE H, HOUSTON, TX 77077"
Foot Locker Houston,"Foot Locker Houston, 3388 Old Spanish Trail, Houston, TX 77021"
Foot Locker Northline Commons,"Foot Locker Northline Commons, 4400b North Freeway Suite 100, Houston, TX 77022"
Foot Locker Memorial City Mall,"Foot Locker Memorial City Mall, 303 Memorial City Ste 656, Houston, TX 77024"
Foot Locker Houston,"Foot Locker Houston, 7584 Bellaire Plaza, Houston, TX 77036"
Foot Locker The Galleria,"Foot Locker The Galleria, 5015 Westheimer Road Suite 1450, Houston, TX 77056"
Foot Locker Greenspoint Mall,"Foot Locker Greenspoint Mall, 10922 North Freeway, Houston, TX 77037"
Foot Locker Willowbrook Mall,"Foot Locker Willowbrook Mall, 1274 Willowbrook Mall, Houston, TX 77070"
Foot Locker Almeda Mall,"Foot Locker Almeda Mall, 426 Almeda Mall, Houston, TX 77075"
Foot Locker Gulfgate Center,"Foot Locker Gulfgate Center, 830 Gulfgate Center Mall, Houston, TX 77087"
Foot Locker Valle Vista Mall,"Foot Locker Valle Vista Mall, 2000 S Expressway 83 Space A-08-1512, Harlingen, TX 78552"
Foot Locker HOUSTON,"Foot Locker HOUSTON, 13711 WESTHEIMER ROAD SUITE H, HOUSTON, TX 77077"
Foot Locker Houston,"Foot Locker Houston, 3388 Old Spanish Trail, Houston, TX 77021"
Foot Locker Northline Commons,"Foot Locker Northline Commons, 4400b North Freeway Suite 100, Houston, TX 77022"
Foot Locker Memorial City Mall,"Foot Locker Memorial City Mall, 303 Memorial City Ste 656, Houston, TX 77024"
Foot Locker Houston,"Foot Locker Houston, 7584 Bellaire Plaza, Houston, TX 77036"
Foot Locker The Galleria,"Foot Locker The Galleria, 5015 Westheimer Road Suite 1450, Houston, TX 77056"
Foot Locker Greenspoint Mall,"Foot Locker Greenspoint Mall, 10922 North Freeway, Houston, TX 77037"
Foot Locker Willowbrook Mall,"Foot Locker Willowbrook Mall, 1274 Willowbrook Mall, Houston, TX 77070"
Foot Locker Almeda Mall,"Foot Locker Almeda Mall, 426 Almeda Mall, Houston, TX 77075"
Foot Locker Gulfgate Center,"Foot Locker Gulfgate Center, 830 Gulfgate Center Mall, Houston, TX 77087"
Foot Locker Deerbrook Mall,"Foot Locker Deerbrook Mall, 20131 Highway 59 N Space 2324, Humble, TX 77338"
Foot Locker Northeast Mall,"Foot Locker Northeast Mall, 1101 Melbourne Rd Suite 3020, Hurst, TX 76053"
Foot Locker Irving Mall,"Foot Locker Irving Mall, 3733 Irving Mall, Irving, TX 75062"
Foot Locker Katy Mills,"Foot Locker Katy Mills, 5000 Katy Mills Circle Suite 705a, Katy, TX 77494"
Foot Locker Killeen Mall,"Foot Locker Killeen Mall, 2100 S W S Young Dr Ste 1018, Killeen, TX 76543"
Foot Locker Mall Del Norte,"Foot Locker Mall Del Norte, 5300 San Dario Ste 193, Laredo, TX 78041"
Foot Locker Longview Mall,"Foot Locker Longview Mall, 3500 Mccain Road Space 11, Longview, TX 75605"
Foot Locker South Plains Mall,"Foot Locker South Plains Mall, 6002 Slide Rd, Lubbock, TX 79414"
Foot Locker La Plaza Mall,"Foot Locker La Plaza Mall, 2200 S 10th St Space E-4, Mcallen, TX 78503"
Foot Locker Rio Grande Valley Outlets,"Foot Locker Rio Grande Valley Outlets, 5001 East Expressway 83 Suite 730, Mercedes, TX 78570"
Foot Locker Frontera Plaza,"Foot Locker Frontera Plaza, 5550 S Buckner Blvd, Mesquite, TX 75149"
Foot Locker Town East Mall,"Foot Locker Town East Mall, 1008 Town East Mall, Mesquite, TX 75150"
Foot Locker Midland Park Mall,"Foot Locker Midland Park Mall, 4511 N Midkiff Road Suite F-2, Midland, TX 79705"
Foot Locker Music City Mall,"Foot Locker Music City Mall, 4101 E 42nd Street Suite E10, Odessa, TX 79762"
Foot Locker Shops At River Center,"Foot Locker Shops At River Center, 849 E Commerce Street Space 515, San Antonio, TX 78205"
Foot Locker North Star Mall,"Foot Locker North Star Mall, 7400 San Pedro road Suite 964, San Antonio, TX 78216"
Foot Locker Walzem Plaza,"Foot Locker Walzem Plaza, 5392 Walzem Road, San Antonio, TX 78218"
Foot Locker South Park Mall,"Foot Locker South Park Mall, 2310 Sw Military Drive Ste 311, San Antonio, TX 78224"
Foot Locker San Antonio,"Foot Locker San Antonio, 6301 Northwest Loop 410 Space N06a, San Antonio, TX 78238"
Foot Locker The Shops At La Cantera,"Foot Locker The Shops At La Cantera, 15900 La Cantera Pkwy Ste 6635, San Antonio, TX 78256"
Foot Locker First Colony Mall,"Foot Locker First Colony Mall, 16535 Southwest Freeway Space 760, Sugar Land, TX 77479"
Foot Locker The Woodlands Mall,"Foot Locker The Woodlands Mall, 1201 Lake Woodlands Ste 1088, The Woodlands, TX 77380"
Foot Locker Broadway Mall,"Foot Locker Broadway Mall, 4601 S Broadway Space F-15, Tyler, TX 75703"
Foot Locker Richland Mall,"Foot Locker Richland Mall, 6001 W Waco Drive Ste 117, Waco, TX 76710"
Foot Locker Layton Hills Mall,"Foot Locker Layton Hills Mall, 1201 N Hill Field Rd Ste 2006, Layton, UT 84041"
Foot Locker Fashion Place Mall,"Foot Locker Fashion Place Mall, 6191 S State Street Suite 329, Murray, UT 84107"
Foot Locker Newgate Mall,"Foot Locker Newgate Mall, 1172 Newgate Mall, Ogden, UT 84405"
Foot Locker University Mall,"Foot Locker University Mall, 575 E University Pkwy Suite L-190, Orem, UT 84097"
Foot Locker City Creek Center,"Foot Locker City Creek Center, 51 S Main St Ste 253, Salt Lake City, UT 84111"
Foot Locker The Shops At South Town,"Foot Locker The Shops At South Town, 10450 S State Street Suite 1400, Sandy, UT 84070"
Foot Locker Red Cliffs Mall,"Foot Locker Red Cliffs Mall, 1770 Red Cliff Dr Suite 192, St. George, UT 84790"
Foot Locker Valley Fair Mall,"Foot Locker Valley Fair Mall, 3601 Constitution Blvd Ste E140, West Valley City, UT 84119"
Foot Locker Alexandria,"Foot Locker Alexandria, 6198 Little River Turnpk Plaza at Landmark, Alexandria, VA 22312"
Foot Locker Fashion Center at Pentagon City,"Foot Locker Fashion Center at Pentagon City, 1100 South Hayes Street Space 0x01, Arlington, VA 22202"
Foot Locker Chesapeake,"Foot Locker Chesapeake, 1401 Greenbrier Parkway Suite 1216, Chesapeake, VA 23320"
Foot Locker Chesapeake,"Foot Locker Chesapeake, 4200 Portsmouth Boulevard Space 134, Chesapeake, VA 23321"
Foot Locker Colonial Heights,"Foot Locker Colonial Heights, 204 Southpark Circle, Colonial Heights, VA 23834"
Foot Locker Dulles,"Foot Locker Dulles, 21100 Dulles Town Circle Suite 276, Dulles, VA 20166"
Foot Locker Fairfax,"Foot Locker Fairfax, 11714-L Fair Oaks, Fairfax, VA 22033"
Foot Locker Spotsylvania Mall,"Foot Locker Spotsylvania Mall, 325 Spotsylvania Mall 3102 Plank Road, Fredericksburg, VA 22407"
Foot Locker Coliseum Crossing,"Foot Locker Coliseum Crossing, 2101 Coliseum Drive Space 9B, Hampton, VA 23666"
Foot Locker River Ridge Mall,"Foot Locker River Ridge Mall, 3405 Candlers Mt Rd Space B-55, Lynchburg, VA 24502"
Foot Locker Manassas,"Foot Locker Manassas, 8300 Sudley Road Space 14-E3, Manassas, VA 20109"
Foot Locker Mclean,"Foot Locker Mclean, 7921l Tysons Corner Center, Mclean, VA 22102"
Foot Locker Patrick Henry Mall,"Foot Locker Patrick Henry Mall, 12300 Jefferson Avenue Space 804, Newport News, VA 23602"
Foot Locker Norfolk,"Foot Locker Norfolk, 5900 East Virginia Beach Suite 32, Norfolk, VA 23502"
Foot Locker Norfolk,"Foot Locker Norfolk, 300 Monticello Avenue Space 107, Norfolk, VA 23510"
Foot Locker Portsmouth,"Foot Locker Portsmouth, 3929 Victory Boulevard Space C & D, Portsmouth, VA 23701"
Foot Locker Richmond,"Foot Locker Richmond, 1510 W Broad Street, Richmond, VA 23220"
Foot Locker Regency Square Mall,"Foot Locker Regency Square Mall, 1404 N Parham Road Space R29, Richmond, VA 23229"
Foot Locker Richmond,"Foot Locker Richmond, 4501 S Laburnum Avenue Suite 110, Richmond, VA 23231"
Foot Locker Richmond,"Foot Locker Richmond, 11500 Midlothian Turnpike, Richmond, VA 23235"
Foot Locker Valleyview Mall,"Foot Locker Valleyview Mall, 4802 Valleyview Blvd Space Lf265, Roanoke, VA 24012"
Foot Locker Springfield,"Foot Locker Springfield, 6533 Springfield Mall, Springfield, VA 22150"
Foot Locker Lynnhaven Mall,"Foot Locker Lynnhaven Mall, 701 Lynnhaven Pkwy, Virginia Beach, VA 23452"
Foot Locker Woodbridge,"Foot Locker Woodbridge, 2700 Potomac Mills Circle Suite 215, Woodbridge, VA 22192"
Foot Locker Woodbridge,"Foot Locker Woodbridge, 2700 Potomac Mills Circle Suite 460/465, Woodbridge, VA 22192"
Foot Locker Lockhart Gardens Shopping Center,"Foot Locker Lockhart Gardens Shopping Center, 4406 Weymouth Rhymer Hwy Parcel 1-E, Charlotte Amalie, VI 00802"
Foot Locker Tutu Park,"Foot Locker Tutu Park, 4605 Tutu Park Mall Ste 150, St. Thomas, VI 00802"
Foot Locker Bellevue,"Foot Locker Bellevue, 1100 Bellevue Square, Bellevue, WA 98004"
Foot Locker Everett,"Foot Locker Everett, 1402 Southeast Everett Mall Way Space 375, Everett, WA 98208"
Foot Locker Kennewick,"Foot Locker Kennewick, 1321 North Columbia Center Boulevard Suite 491, Kennewick, WA 99336"
Foot Locker Capital Mall,"Foot Locker Capital Mall, 625 Black Lake Blvd Suite E3, Olympia, WA 98502"
Foot Locker Puyallup,"Foot Locker Puyallup, 3500 South Meridian Space 320, Puyallup, WA 98373"
Foot Locker Northgate Shop Center,"Foot Locker Northgate Shop Center, 401 Ne Northgate Way Space 753, Seattle, WA 98125"
Foot Locker Spokane,"Foot Locker Spokane, 14700 East Indiana Avenue Suite 2050, Spokane, WA 99216"
Foot Locker Tacoma,"Foot Locker Tacoma, 4502 South Steele Street Suite 482a, Tacoma, WA 98409"
Foot Locker Tukwila,"Foot Locker Tukwila, 1051 Southcenter Mall, Tukwila, WA 98188"
Foot Locker Glendale,"Foot Locker Glendale, 5711 North Centerpark Way Suite N119, Glendale, WI 53217"
Foot Locker Green Bay,"Foot Locker Green Bay, 197a Bay Park Square, Green Bay, WI 54304"
Foot Locker Greendale,"Foot Locker Greendale, 5300 South 76th Street Space 190-A, Greendale, WI 53129"
Foot Locker Madison,"Foot Locker Madison, 176 East Towne Mall, Madison, WI 53704"
Foot Locker Milwaukee,"Foot Locker Milwaukee, 161 W Wisconsin Ave Space 1110, Milwaukee, WI 53203"
Foot Locker Milwaukee,"Foot Locker Milwaukee, 5615 West Hope Avenue Suite 101, Milwaukee, WI 53216"
Foot Locker Wauwatosa,"Foot Locker Wauwatosa, 2500 North Mayfair Road Suite M163, Wauwatosa, WI 53226"
Foot Locker Barboursville,"Foot Locker Barboursville, 500 Mall Road Box 4071, Unit 750, Barboursville, WV 25504"
Foot Locker Charleston,"Foot Locker Charleston, 1103 Charleston Town, Charleston, WV 25389"
