Name,Location,,,
Heather Taylor,"&77, Calle Portal Suite 140c",,,
Hunt Real Estate ERA - Prescott Valley,1 in Serving Prescott and Prescott Valley and Surrounding Quad Cities!,,,
Simple Realty Professionals,1 N Macdonald #203,,,
"Carlos Lizarraga, Tucson Realtor",1 S Church Ave,,,
The Hone Team | Sammie Hone | Platinum Living Realty | Homes in Wickenburg,10 S Kerkes St Suite 4,,,
Verde Ranch Estates,10 S Monarch Ln,,,
Arizado Realty,100 E Fry Blvd,,,
Bluewater Lagoon Office,100 E Riverfront Dr,,,
Deanna Poppenberger - Integrity Prescott Real Estate Team,100 E Sheldon St,,,
Jesse Lopez Realtor,100 E Sheldon St #200,,,
Doug Bunch Group - Prescott Real Estate Professionals,100 E Sheldon St Suite 200,,,
Listing Llama Real Estate Investment,100 N Gilbert Rd #203,,,
72Sold,100 Verde Valley School Rd Suite 110,,,
Destyn Moreno The AZ Real Estate Go-To Girl,100 W Portland St,,,
Brad Brauer | Broker's Hub Realty,100 W Portland St #106,,,
Phoenix Real Estate Group,10000 N 31st Ave Suite B-108,,,
AZ,10001 Third St,,,
Wendi Cook Real Estate Lake Havasu City,1005 Circula De Hacienda,,,
Re/Max Five Star Realty,1008 S Hopi Ave,,,
Frank Bennett Realty Inc,101 E 1st Ave,,,
PURE Property Management of Arizona,101 E 1st Ave #105,,,
John Gluch Phoenix Real Estate Agent - EXP,101 N 1st Ave Suite 800,,,
Sedona Sean,101 N State Rte 89A Suite C-116,,,
"Modern Home Real Estate, LLC",101 S Main St ste a,,,
Susan J Davis Realtor,101 South La Cañada Drive,,,
"Laurie Brown, HomeSmart Pros Real Estate",101 South La Cañada Drive #63,,,
Samantha Van de Roovaart - eXp Realty Yuma,101 W 16th St Ste A,,,
KINO Group,101 W 16th St Suite A1256,,,
"Better Homes and Gardens BloomTree Realty: Lori Burress, Realtor",101 W State Route 89A #C-11 The Shops at Pinon Pointe,,,
Denmar Realty LLC,1010 E University Dr #1,,,
Sold by Samantha,10105 E Vía Linda #102,,,
On Q Property Management,1011 N Val Vista Dr #101,,,
Mammoth Services,1011 N Val Vista Dr #102,,,
On Q Realty,1011 N Val Vista Dr Suite #103,,,
Michele Tyler: Luxury Real Estate Agent: DeLex Realty Scottsdale,10115 E Bell Rd STE 105,,,
Lupita Valenzuela Realty,1012 N Grand Ave,,,
Long Realty Douglas,1015 G Ave,,,
Galeria de Coronado Townhomes,1016 Sentinel Peak Rd,,,
SAFFORD NOTARY SERVICES - Brandon J Homer,102 E U.S. Hwy 70,,,
Keller Williams Arizona Realty at Prescott,102 N Montezuma St,,,
"Bree Fitzgerald, Prescott Realtor",102 W Gurley St,,,
Better Homes and Gardens BloomTree Prescott,102 W Gurley St #102,,,
Virgil Ross HomeSmart Realtor Yuma AZ,1020 S 4th Ave Suite 213,,,
Casa del Sol,1020 S Carmichael Ave,,,
National Realty of Arizona,1024 Willow Creek Rd E,,,
Havapad Realty Group,103 El Dorado Ave S,,,
Rex's Golden Eagle Realty,103 S Higley Rd,,,
The Leach Team,1030 S Seldon Pl,,,
Gold Seal Realty,1033 Cll Camellia,,,
RE/MAX Excalibur Real Estate,10458 E Jomax Rd Suite 100,,,
CENTURY 21 Colorado River Realty,1047 AZ-95 #2b,,,
Sarazona STR Property Management,105 Roadrunner Dr #3b,,,
"Amy Hitt, Prescott Real Estate Agent",105 S Cortez St Suite 206,,,
Suncrest,105 Toscanini Ave,,,
Wine Country Properties,10580 E Swinging Bridge Ln,,,
"Allan Duncan, Bankers Real Estate",106 S 9th St B,,,
Rio Rico Homes & Land,1060 Yavapai Dr #2A,,,
Phoenix Homes,10601 Hayden Rd,,,
"Michael ""Smitty"" Smith - Real Estate Agent",10601 Hayden Rd I-100,,,
Andrew Cannegieter REALTOR®,10602 S Camino Del Sol,,,
"Paul Slaybaugh, Realty Executives",10607 Hayden Rd,,,
Elite Home Team at EXP Realty,10609 Hayden Rd Suite E-108,,,
TDH AZ,10650 AZ-69,,,
Burns Realty Inc,1068 Camino Caralampi Ste 1,,,
Copper Lodge Realty,1069 AZ-80,,,
The AUsome team,10693 S Distillery Canyon Spring Dr,,,
AZ New Horizon Realty Commercial,107 E 4th St,,,
Sands Realty,107 N Cortez St #104,,,
Long Realty - Uptown - Prescott,107 N Cortez St `07,,,
"Southwest Mountain Realty, LLC. : Julie Pentico, PLLC.",107 W Wade Ln #5,,,
Bailey Chavez at Coldwell Banker Northland,1075 AZ-260,,,
"Anna Goettl, Coldwell Banker Northland",1075 AZ-260 Ste. D,,,
Canyon Wren Property Management,1075 AZ-260 Suite A,,,
"Ann Ziller, Coldwell Banker/Mabery","1075 S, 1075 AZ-260",,,
Jillian Moore-Hasenheyer -Realtor - Indie Realty,10752 S Bear Table Tank Dr,,,
Arizona Metropolitan Realty and Management,1081 N Bedford Dr,,,
Paul Hauer,10885 S Cobalt Rd,,,
Zachary & Samantha Phelan Flagstaff's Best Real Estate Agents,109 E Aspen Ave,,,
Christian Petris Realtor® - SunHaven Real Estate,109 N Leroux St,,,
Silverleaf Realty,1098 Forest Highlands Dr,,,
Comfort Realty,10980 N Johnson Rd,,,
"Forest Properties, Inc. (AZ FPI ) - Show Low",11 E Deuce of Clubs,,,
SEI Real Estate Professionals,1100 W Hopi Dr,,,
Desert Mountain Realty,1105 Industrial Dr,,,
Living In Rim Country - Chris Wakefield - Realty Executives Arizona Territory,1107 S Beeline Hwy Suite 1,,,
The Baldwin Group | eXp Realty,111 E Aspen Ave,,,
da Vinci Realty LLC,111 E Aspen Ave #3,,,
Roadrunner Estates,11100w W Alsdorf Rd,,,
The Big Bear House and the Little Bears Den LLC,1111 S 6th St,,,
Charles Martinet- Grand Canyon Realty,11111 N Scottsdale Rd Suite 205-Q,,,
"Gretchen Slaughter, Corcoran Platinum Living",1115 E Florence Blvd E,,,
RE/MAX High Desert Realty,112 E Maley St,,,
~Arizona Resource Realty~,112 W Bonita St,,,
AgWest Farm Credit,1120 S 20th Ave,,,
Redstone Properties,1120 W State Rte 89A Ste D5,,,
Grand Welcome Sedona,1120 W State Rte 89A Suite A-1,,,
Jackson Associates,1120 W University Ave #100,,,
Right Price Realty,1120 W University Ave CB professional building,,,
Scattered Rock Ranch,11200 S Hackberry Rd,,,
Realty ONE Group,11211 N Tatum Blvd #120,,,
Gila Mountain Realty,11242 S Foothills Blvd,,,
Coldwell Banker Yuma Foothills Realty,11242 S Foothills Blvd #5,,,
Lisa Nissenbaum,1125 S Trails End,,,
Partners Real Estate Group @ The Realty Agency,11274 S Fortuna Rd,,,
Caleb Tuggle - The Realty Agency,11274 S Fortuna Rd D6,,,
Carol Bennett-Realtor,11274 S Fortuna Rd d9,,,
"Tashina Wood, The Realty Agency",11274 S Fortuna Rd Suite D6,,,
"Jennifer Nieves, Realtor",11274 S Fortuna Rd. Suite D6 MH93+5W Fortuna Foothills,,,
"Bernard C Doyle, Realtor",113 W Goodwin St,,,
White Bear Realty LLC,1130 S 8th St,,,
On the Greens Sales,1133 Nicklaus Dr,,,
Arizona Best Real Estate,11333 N Scottsdale Rd Suite 100,,,
"Red Brick Property Management (Red Brick Realty, LLC)",1135 N Recker Rd Suite 102,,,
Nicolle Karantinos Real Estate Team | Realty Executives International,1135 N Recker Rd UNIT 102,,,
Michael A Pollack Real Estate Investments,1136 W Baseline Rd,,,
"Donna White, CENTURY 21 Action Group Fthl",11361 S Foothills Blvd,,,
Century 21 Action Group,11361 S Foothills Blvd #1,,,
Century 21 Colorado River Realty,1137 AZ-95,,,
"Irvin Cerda, Real Estate Agent in Yuma County",11375 S Fortuna Rd,,,
ERA Matt Fischer Realtor-Foothills,11375 S Fortuna Rd Ste F,,,
McNelly Real Estate Team,114 S 2nd St,,,
Unbiased Options Real Estate,114 W Main St #17,,,
Peterson Agency Real Estate,1141 W Wickenburg Way,,,
Creative Concepts Realty,11411 S Fortuna Rd,,,
Jean DeRusha Real Estate Agent,11469 W Cll Del Sastre,,,
Green Valley Villa - Green Valley Escapes,1148 W Mountain View,,,
Montezuma Realty,115 S Montezuma Castle Hwy,,,
Copper View Realty,115 W Esperanza Blvd Ste. 115F,,,
4 Sons Realty ESVC,11509 N Braidwood Trail,,,
LABS Rentals,1152 N Hohokam Dr B,,,
"Charity Plumb, The PlumbLine Team with DreamView Realty",1157 E Fry Blvd,,,
"Eryn Ramirez, Yuma, AZ Foothills Real Estate",11593 S Fortuna Rd,,,
Humble Homebuyer,"116 S. 2nd St. Kingman, AZ 86401",,,
"Genesis Real Estate & Management, LLC",1160 N Craycroft Rd,,,
Realty ONE Group Gateway (Foothills HUB),11611 S Foothills Blvd Suite E,,,
"Jack Whiteside, Realty Executives of Northern Arizona",1165 AZ-89A,,,
Crescent Commercial Real Estate,1166 E Warner Rd #205,,,
"Realty Executives, Yuma's Elite Group",11665 S Fortuna Rd,,,
Mandi Brown ~ Realty Executives,11665 S Fortuna Rd Ste D,,,
The Shelly Watne Group,11672 Manzanita Trail,,,
Tonto Basin Vacation Rental,117 Sally May Cir,,,
"Creative Concepts Realty, LLC",11710 S Fortuna Rd suite c,,,
Cross Creek Ranch by Oakwood Homes,1173 N Manana Ln,,,
Kachina Properties,1177 E Ash St,,,
Prescott Home Realty,1177 N Old Chisholm Trail UNIT B,,,
25/8 Real Estate and Management,118 W Main St,,,
LABS Rentals,1184 N Bankard Ave,,,
Sundance Real Estate LLC,119 E Hopi Dr,,,
Hello Home Real Estate and Property Management,119 Garden St #3c,,,
Casago,1195 W State Rte 89A Unit A,,,
At Home Desert Realty,120 E Congress St,,,
Arin Wheeler Realtor with Best Flagstaff Homes Realty,120 N Beaver St Suite 100,,,
St. David Apartments,120 W Patton St,,,
Daybreak At Bensch Ranch,12000 AZ-69,,,
Port Royale Apartments,1201 Colombo Ave,,,
Legacy Business Brokers,1208 W Ocotillo St,,,
Jan Tomlinson,1210 S Western Dr,,,
Martinolich Real Estate Services,1215 Riverfront Dr,,,
HomeSmart: THE POWERHOUSE GROUP,1215 S 5th Ave,,,
"Betsy Kitchens, Associate Broker, Realtor, Service First Realty",122 N 7th St,,,
"Sonny Lee, Service First Realty",122 N 7th St A,,,
"Sarah Allen, REALTOR",122 N Cortez St Suite 103,,,
Prescott Commercial Real Estate,122 N Cortez St Suite 300,,,
"John Gordon, Associate Broker, Coldwell Banker Realty",1224 S Valley Dr,,,
Shull Homes,1228 S Sossaman Rd #109,,,
Hancock-Leavitt,123 Main St,,,
Ginsberg Group,123 N San Francisco St,,,
"Northern Arizona Real Estate Team, Keller Williams Arizona Realty",123 W Birch Ave,,,
Teddy Shonka - Real Estate,1230 E Jasper Ct,,,
Long Realty Partners,1234 S Power Rd,,,
Desert 2 Mountain Realty,1237 S Val Vista Dr,,,
PHX Real Estate Collective,12370 N 83rd Ave #103,,,
Pinal County House Buyer,1248 N Elizabeth Ct,,,
Northridge Associates,125 Natchi Canyon Dr,,,
"Mark Thatcher Real Estate,LLC.",12545 W Burleigh Rd #12,,,
Singer & Co. Properties,1255 Hancock Rd Ste 1,,,
Tucson Realty Now,1255 N Placita de Josephina,,,
Valley Executives Real Estate & Property Management LLC,1255 W Baseline Rd Suite B-139,,,
Sierra Blanca Apartments,126 W Willow Ln,,,
Gordon B Sampson- REALTY ONE GROUP MOUNTIAN DESERT,1260 AZ-89,,,
Tera Wilson Prescott Real Estate,"1260 S, AZ-89 A",,,
Casa Grande Appraisal Services,127 W Wilson St,,,
Sun River Properties,1271 Baseline Rd,,,
Lake Havasu City Properties: Caroline Pope,1271 Griffin Dr,,,
All Arizona River Realty LLC,1275 Mohave Dr,,,
SCENIC PROPERTY REALTY,12750 E Tierra Bella Rd,,,
"Esteban Rosales REALTOR®, Realty One Group Gateway",128 W 32nd St,,,
Pioneer Title Agency,128 W Grant Ave ste c,,,
eXp Realty - Team Derrick Coates,1280 E Fry Blvd,,,
Parks AZ Real Estate,"12871 E Thundering Pnes Rd, Parks, AZ 86046",,,
Jamie Caswell,12875 E. Carrion Way,,,
"72 Sold Matthew McKenney Servicing Gilbert, Chandler, Queen Creek , San Tan Valley",1298 E Arrowhead Trail,,,
DiPeso Realty,130 N Haskell Ave,,,
Housing America Corporation,130 N State Ave,,,
Walnut Creek Meadows Flagstaff,1300 S Milton Rd STE 119,,,
Billie McGraw with Village Land Shoppe,1300 S Milton Rd UNIT 119,,,
Bella Terra Realty LLC,1301 Willow Creek Rd,,,
The Holly Meneou Team,1304 Skyline Dr,,,
CB Real Estate Property Management,1304 W Arizona Ave,,,
Prestige Realty - Apartment Finder Locator,13041 N 35th Ave c1,,,
Amazing Arizona Land Company,1308 Stockton Hill Rd,,,
Ivory Towers Realty,13084 Sunland Gin Rd,,,
RAB Realty and Property Management,131 W University Dr,,,
Hawkins & Associates Realty,13108 Sunland Gin Rd #2749,,,
Century 21,1316 N Broad St,,,
Vail Realty,13200 E Colossal Cave Rd Suite 106,,,
Rosenbaum Realty Group,1324 N Farrell Ct STE 109,,,
Rancho Rio Real Estate,1325 N Tegner St,,,
Re/Max HomeStores,1326 West AZ-92,,,
Sycamore Square,1329 AZ-89A,,,
Brenda Cloud Realty Llc,1335 W 17th Pl,,,
Del Lago Realty / Tim Oakes,13380 E Rex Molly Rd,,,
Quality Hill Snuggly,134 Quality Hill Rd,,,
"Brenda Fischer, Realtor in Lake Havasu City",135 Park Ave,,,
Robison Land & Realty Co. Inc.,1355 Ramar Rd # 6,,,
Heather Taylor Realtor | Listing Agent,1355 S Higley Rd STE 111,,,
Re/Max A Bar Z Realty,13590 Sunland Gin Rd,,,·
Dynamic Real Estate,136 W Main St #101,,,
Realty ONE Group Integrity - South West,1360 W Irvington Rd #260,,,
Laughlin Ranch Properties,1360 William Hardy Dr,,,
THACHER REALTY,1368 East-West Dennis Rd,,,
Sedona Home Connection LLC: Jim and Anne French,1370 AZ-89A #9,,,
Magnuson Real Estate,13802 N Scottsdale Rd Suite 151-239,,,
Realty Executives Arizona Territory - Christopher Creek,1389 E Christopher Creek Loop,,,
Arizona Legends Realty,139 N Frontier St,,,
South Arizona Homes,13931 S Camino Los Picos,,,
Integrity One Properties,14 Esplendor Dr,,,
Long Realty Nogales/Rio Rico - Rio Rico,14 Esplendor Dr Ste. A,,,
Angelica G. Sanchez | REALTOR,140 AZ-89,,,
Prescott Arizona Real Estate with Andrea McIntyre and HomeSmart Fine Homes and Land,140 N Montezuma St,,,
Sandy Broker,140 N Montezuma St #102,,,
HomeSmart Fine Homes and Land,140 N Montezuma St STE 201,,,
Kingman Land For Sale,1400 E Andy Devine Ave #210,,,
Spring Valley Manor,14001 S Spring Ln,,,
Karen Winton Realtor,1401 Prescott Lakes Pkwy,,,
Cesar Ortiz Real Estate Agent,1409 S 5th Ave,,,
Green Valley Casita - Green Valley Escapes,1420 W Desert Hills Dr,,,
Cook & Associates Real Estate Advisors,14201 Hayden Rd Ste C-4,,,
Selby Realty LLC,14224 Pierce Ferry Rd,,,
Capstone Realty Professionals,1425 E McDowell Rd,,,
"Brooks-Clark & Associates, Don Clark",1425 McCulloch Blvd N,,,
Premier Real Estate Opportunities,1425 S Higley Rd #107,,,
"#1 National Real Estate Network, LLC",1425 S Higley Rd Suite 101,,,
The Helping Hands Real Estate Team,1425 W Elliot Rd Ste 103,,,
HHB Group,1425 W Elliot Rd Ste. 104,,,
The Land Office,14262 Pierce Ferry Rd,,,
"The Tara Finch Group At Haymore Real Estate, LLC",143 S Quarterhorse Ave,,,
Exp Realty : Alex LeBouton,14301 N 87th St #215,,,
West USA Realty - Scottsdale - Greg Sidoff,14350 N 87th St Suite 170,,,
Jetsource Enterprises UBO,14352 Pierce Ferry Rd,,,
Evolve Realty,14362 N Frank Lloyd Wright Blvd Suite 1000,,,
Arizona Land Deals,1440 Corona Rd,,,
Home Solutions AZ LLC,145 E University Dr #3,,,
Mesquite Ranch Realty Inc,145 N Curtis Ave,,,
Canopy at Cottonwood,1450 E Cottonwood Ln,,,
"MPB Realty Services, Inc",1450 E Indian School Rd #104,,,
Ravines Sales Office,14546 E 47th Ln,,,
"Javier Avila, HomeSmart Yuma Team",1455 S 4th Ave suite 5,,,
Carol & Company,1455 W 16th St Ste C,,,
"The Beshk Group, Inc.",1455 W Redondo Dr,,,
Old West Properties,146 Lewis Ave,,,
Arroyos Quartzsite,1460 Pso Chico,,,
Cambridge Properties,14602 N Tatum Blvd,,,
Mesa Realty Inc,1461 E Garnet Ave,,,
Highland Meadows Real Estate,1462 W Highland Meadows Dr,,,
Berkshire Hathaway HomeServices,14635 N Kierland Blvd # 160,,,
Queen Valley Properties Inc,1464 E Queen Valley Dr,,,
Better Homes and Gardens Real Estate BloomTree Realty,1478 Sierry Peaks Dr,,,
"Sedona Rentals & Property Management, Inc.",1487 W State Rte 89A #9,,,
CLA Realty,1488 Sierry Peaks Dr,,,
Cochise County Realty,149 N Frontage Rd,,,
Promise Properties,1495 N V I P Blvd,,,
Mingus Mountain Real Estate,14S S Main St,,,
"April Knapp - Realtor & Property Manager, Realty Executives of Flagstaff",15 E Cherry Ave,,,
"Gary Nelson, 2022 AZ Realtor of the Year",15 E Cherry Ave #101,,,
Renee Gaun - Realty Executives of Flagstaff,15 E Cherry Ave #204,,,
Shayna Thomas Realty Executives of Flagstaff,15 E Cherry Ave #205,,,
Homes in Flagstaff,15 E Cherry Ave #301,,,
Julie Sansone| Flagstaff Real Estate,15 E Cherry Ave Suite 100,,,
"Suzanne Storm, Flagstaff Realtor","15 East Cherry, Flagstaff, AZ, 86001",,,
Mason Swenson - Realtor at RE/MAX Fine Properties,15 Pinewood Blvd,,,
The A Team - RE/MAX Foothills,15 Plaza #195,,,
DreamWest Real Estate Services,15 Rojo Dr,,,
"Belva's Real Estate, L.L.C.",150 N Main St,,,
Better Homes and Gardens Real Estate Grand View North,1500 E Cedar Ave #8,,,
Fort Mohave Dental,1501 Camp Mohave Rd #1,,,
P.R.O Realty,1501 Gold Rush Rd,,,
"LEADING EDGE REAL ESTATE, LLC",15010 N 78th Way Ste 107,,,
vivasrentals,15028 S Camino Rio Puerco,,,
The Vineyards at Cottonwood,1506 Sangria DR,,,
Sedona Vista,1506 Sangria Drive,,,
Castle Real Estate Group,15100 N 78th Way #205,,,
Bartsch and Associates,1511 E Florence Blvd,,,
Tri Phoenix Real Estate,15125 N Scottsdale Rd UNIT 833,,,
Shelby Thatcher - Realtor with Quality Realty,1513 Canyon Rd,,,
Northern Arizona Association of REALTORS,1515 E Cedar Ave # C-4,,,
Melissa Camargo,1515 E Florence Blvd,,,
Ivory Towers Realty,1515 E Florence Blvd Ste 112,,,
Rebecca Martinez REALTOR - Scottsdale AZ Living,15160 Hayden Rd #205,,,
Dan Gonen at RE/MAX Excalibur,15160 Hayden Rd suite 205,,,
"James Wedell, Realtor-Phoenix area communities",15210 S 50th St Suite 130,,,
Home Finders AZ @ Platinum First Realty,15225 N 40th St Suite # 115,,,
Heather Heiligenthal Realty Executives,1525 S 5th Ave,,,
Karen Kelly-Long Realty,15250 N Oracle Rd #110,,,
"Cortney Jones, Realtor | Investor | Coach & Trainer",1530 E Williams Field Rd #201,,,
Maureen Tatum Keller Williams Arizona Realty,15333 N Pima Rd #130,,,
Keller Williams Arizona Realty,15333 N Pima Rd Suite Suite 130,,,
Long Realty Yuma,1540 S 2nd Ave #2,,,
Cluff Real Estate LLC,1551 E University Dr #1,,,
Kingman Realty,1555 E Northern Ave,,,
Monson Luxury Group - The Noble Agency,15551 N Greenway Hayden Loop Ste 200,,,
Long River Realty - Arizona Tim,157 Paseo del Sol Ave UNIT 100,,,
St Germaine Enterprises,1570 Chateau Dr,,,
95 Courtney,1575 E Courtney Pl #2,,,
Mike Wise,1575 W State Rte 89A,,,
Sun Valley Land Co,1577 N Pinal Ave,,,
Realty Executives Arizona Territory - Tucson Marketplace,1580 E Tucson Marketplace Blvd #120,,,
Higher Ground Realty,1580 Mainline Rd,,,
Short Term Rental Property - Little Red Cowboy,1580 S Destry Ln,,,
Courtney Park Apartments,1584 E Courtney Pl #2,,,
Green Valley Hideaway - Green Valley Escapes,1585 W Placita Travis,,,
Arizona Realty Club,15916 Pierce Ferry Rd Suite B,,,
Ashley McGuire - Long Realty,15920 S Rancho Sahuarita Blvd Suite 180,,,
Spectrum Exchange Corp,1593 Rio Verde Ln,,,
Tamra Sprague,1595 Mohave Dr,,,
ALL THINGS Real Estate! Buying With Brittney,1595 Mohave Dr #10,,,
Christina Ballesteros Realtor (Bilingual) Myarizonarealtors.com,15991 S Camino Casal,,,
"Service First Realty, LLC",1600 E Ash St,,,
Golden Valley Property Management,1600 W Broadway Rd,,,
Kelly & Call Commercial Real Estate and Business Brokerage,1600 W University Ave #218,,,
ASAP Realty Group,1601 N 7th St Ste 210,,,
Wishing Well Realty,16021 Pierce Ferry Rd,,,
Mariposa Properties,1605 N Industrial Park Dr # B,,,
"Chantal Bullock, Realty ONE Group Mountain Desert",1608 Stockton Hill Rd #104,,,
Audrey Hudson- Realty ONE Group Mountain Desert,1608 Stockton Hill Rd Ste 104,,,
Maria Gallo - AZ Real Estate Agent,"1608 Stockton Hill Rd, Suite 104 Kingman, AZ 86401",,,
The COLLINS TEAM at Realty ONE Group Mountain Desert,"1608 Stockton Hill Rd. #104 Kingman, AZ 86401",,,
Lisa Turner Buy Havasu - Selman & Associates Real Estate,161 Swanson Ave # D,,,
Judy Muselman Properties,161 Swanson Ave ste a,,,
Tyler Ford - eXp Realty,1610 N Kolb Rd,,,
Country Village of Chino Valley,1610 S AZ-89 C,,,
Suburban Real Estate Group,16101 S Delgado Rd,,,
Thatcher Realtors,1616 S Kentucky St Suite B-126,,,
Flagstaff Condos,16165 N 83rd Ave,,,
Flagstaff Real Estate Deals,16165 N 83rd Ave Suite 200,,,
Alissa Macias- KeyHole Prooperties,1618 S 1st Ave,,,
Nikkie Miller Wickenburg Realtor,162 E Wickenburg Way,,,
Forest View Realty of Arizona,162 E Wickenburg Way UNIT 5,,,
Fred Leeds Properties AZ,1627 Havasupai Dr Building 6,,,
Berkshire Hathaway HomeServices Arizona Properties- Mesa,1630 S Stapley Dr # 100,,,
Stallings & Long Realty Services,1635 E Ash St,,,
Canyon View Realty,1635 N 1st St,,,
"West USA Realty - Kathy Moum CRP, CRP",1640 S Stapley Dr,,,
Dave Larsen-Real Estate Wealth Manager,1640 S Stapley Dr #124,,,
Dwellings Realty Group,16412 N 92nd St #115,,,
Kelly Griffin Porter - @ RE/MAX Fine Properties,16451 N Scottsdale Rd #101,,,
Buy More Time Short Term Rental Management,165 E Southern Ave APT 201,,,
Vista Ridge Sedona,165 Sombart Ln,,,
Virna Fratt - Tierra Antiqua Realty,1650 E River Rd,,,
Tierra Antigua Realty - Foothills | Central,1650 E River Rd #202,,,
Bellagio Real Estate Casa Grande,1653 E McMurray Blvd suite 144,,,
Friends At The River Realty,1662 Willow Dr,,,
Tierra Antigua Realty - Krista Benavides - Willcox & Cochise County,167 N Haskell Ave,,,
Pete Peterson - Stratton Real Estate Group,168 E 4th St,,,
Bob Corbell Realtor at Curtis Real Estate LLC,1680 W Thatcher Blvd,,,
"Gabrielle Foote, Realtor",1685 Stratford Pl,,,
Cheri Kaye REALTOR Realty One Group Mountain Desert,1689 AZ-89,,,
John Shaver Cochise County Realtor,169 N Frontage Rd,,,
Pam Sproul Associate Broker Cochise County Realtor/Consultant,169 N Frontage Rd suite a,,,
"Courtney Adcock, Cochise County Realtor",169 N Frontage Rd Suite B,,,
Caroline Pope -Lake Havasu Properties,1690 McCulloch Blvd N,,,
Lake Havasu City Properties: Carol Sanders,1690 McCulloch Blvd N #102,,,
Cordova Realty,1690 N Stone Ave Suite 117,,,
A Level Up Realty LLC.,1690 N Stone Ave SUITE 210,,,
"Dixie Rojas, Yuma Realtor",1690 S 4th Ave,,,
Diana Arvizu - Realty Executives,1690 S 4th Ave St 1,,,
HomeSmart River Realty,1695 Mesquite Ave STE 202,,,
Sedona Serai,170 Appaloosa Dr,,,
First West Properties Corporation,1700 AZ-92,,,
Mike Lueck Desert Time Realty,1700 Lakeside Dr,,,
Realty Executives,1700 S 1st Ave # 201,,,
"Real Estate Investment Solutions, LLC.",1700 S 1st Ave #118,,,
Caroline Auza Development Yuma,1700 S 1st Ave #214,,,
Mike Porter Realty Executives,1700 S 1st Ave Suite 200,,,
Werth Realty,1702 E Prince Rd # 110,,,
"Eryn Ramirez Yuma, AZ Real Estate",1706 S 4th Ave,,,
Deer Run Retreat,17090 Deer Run Rd,,,
Tucson Realty Now,1710 N Cll Pasto,,,
Prudential River City Properties,1711 Stockton Hill Rd,,,
Berkshire Hathaway - Simon Fort - Associate Broker,172 E Sheldon St,,,
BERKSHIRE HATHAWAY HOMESERVICES Arizona Properties Richelle Mills Realtor,172 E Sheldon St A,,,
"Feliks Mlynarczyk, Arizona Prime Real Estate",1725 W State Rte 89A #6,,,
Jody Emerald,173 W S Main St,,,
Blue River Realty,1730 AZ-95,,,
Keller Williams Southern Arizona,1730 E River Rd # 200,,,
TEAM SOMERS,1731 Mesquite Ave #3,,,
Perk Prop Real Estate,1733 N Greenfield Rd #104,,,
Kesselring Homes-Phoenix -Real Estate Agent,1734 W Amberwood Dr,,,
Commercial Investment Real Estate Mohave County AZ,1735 E Lipan Blvd,,,
Around the River Publishing,1740 Gardner Rd,,,
Munds Park Retreat.,17415 Crystal Brook Rd,,,
United Country Robinette & Associates,1742 N Pinal Ave # 2,,,
"RE/MAX: Augusto ""Goose"" Diaz Jr",1744 AZ-95 Ste 2,,,
Elite Results Team with My Home Group,1744 S Val Vista Dr #206,,,
Cheryl Maynard Coldwell Banker Realty,17445 South La Cañada Drive,,,
HomeSmart Real Estate - KwokProperties,1745 S Alma School Rd,,,
Kim Daniell's Properties,1748 AZ-95,,,
Keller Williams Arizona Living Realty Flagstaff,1750 Railroad Spring Blvd #3,,,
Danette Otzen -Realtor with Russ Lyon Sotheby’s International,1750 S Woodlands Village Blvd,,,
Adam Benton,1750 S Woodlands Village Blvd #200,,,
Kristina Webb PLLC,1750 S Woodlands Village Blvd Ste. 200,,,
Loving Phoenix Team at Real Broker,17505 N 79th Ave #309,,,
Jeanne Reimer & Associates,1751 AZ-95 # 55,,,
Superstars Realty Munds Park,17530 San Carlos Dr,,,
Arizona Kosher Resorts,1755 N Agave St,,,
"Asher Cohen - BUYAZRE at Realty ONE Group, REALTORS",17550 N Perimeter Dr #160,,,
Scottsdale Real Estate by Matt McCormick,17550 N Perimeter Dr Suite 150,,,
"Chris Dunham, The Real Estate Guy",1757 E Baseline Rd Ste 107,,,
JK Realty LLC,1760 E Pecos Rd ste 501,,,
Team AZ Realty,1760 E Pecos Rd Unit 501,,,
Cherie Moore Realtor,1776 E San Xavier Dr,,,
"Lisa Westcott, RETSY - Forbes Global Properties",17767 N Scottsdale Rd #305,,,
EVR Porter,17805 N Porter Rd,,,
CENTURY 21 Arizona West,1781 AZ-69 #39,,,
Arrowhead ranch,1781 E El Rodeo Rd,,,
Wylde Vacation Rentals,1785 W State Rte 89A #2c,,,
"Samantha Stellar, REALTOR® - Foothills Property Management",1785 W State Rte 89A Ste 2G,,,
"TJ Chase Realty Group, Inc.",1787 N Terrace Cir,,,
Valley Rental,17870 Golden Pond,,,
Lunts Dairy,179 Dairy Loop,,,
Carm's Realty,1790 N Mastick Way E,,,
My Home Group Real Estate,18 N Magma Ave,,,
Green Acres,180 Green Acres Wy,,,
Park Meadows Apartments,180 S Highland Drive Taylor,,,
Coldwell Banker Residential Brokerage :Jim Callery,180 W Continental Rd,,,
Brent Self-Realtor- Coldwell Banker Realty,180 W Continental Rd Ste 100,,,
Ramon Ross - Realtor,180 W Continental Rd Ste100,,,
Flagstaff Second Homes,1800 S Milton Rd,,,
"LONG M. NGUYEN - REALTOR, INVESTOR, HOMEOWNER - Vietnamese Realtor - mua và bán địa ốc",1805 N 91st Ave # 105,,,
J Bar E Land & Cattle,1811 Stagecoach Loop,,,
Mercer Realty,1812 AZ-95,,,
Chambers Realty Group,1812 Stockton Hill Rd,,,
Oracle Land & Homes,1812 W American Ave,,,
Agave Premier Properties,1821 N Mastick Way,,,
"Yvette M. Palmer, REALTOR | Agave Premier Properties",1821 N Mastick Way Suite 3,,,
Derek Chisam - West USA Realty,1824 AZ-260,,,
"Teri Meacham, West USA Realty",1824 AZ-260 Ste A,,,
Mesa Community College Real Estate Program,1833 W Southern Ave,,,
Buck Reynolds Real Estate,1834 AZ-95,,,
Big D Home Inspection,"1836 E, Bear Creek Way",,,
HomeSmart Mesa,1839 S Alma School Rd Suite 141,,,
Sundance Real Estate LLC,184 Main St,,,
Best Results Realty AZ,1840 AZ-95 #1,,,
"Aurora Sky Realty, LLC",1843 Paseo San Luis,,,
"Position Realty - Results, No Excuses",18444 N 25th Ave #420,,,
Engel & Völkers Gilbert,1849 E Williams Field Rd #107,,,
Kelly Garcia - Realtor,1849 N Kolb Rd,,,
Anja @ KellerWilliams Realty,185 S Moorman Ave,,,
Brewer Real Estate Team Luxury Homes Chandler Gilbert Queen Creek Arizona Homes / West USA,1850 E Northrop Blvd,,,
"Jeremy Waters, Your Arizona Realtor",18509 N Falcon Ln,,,
Zen Rent Property Management,1855 E Southern Ave #112,,,
Beehive Property Managment,1855 E Southern Ave UNIT 212,,,
Buy Felisha Gilbert Arizona Realtor,1857 S Racine Ln,,,
"Brook1500 Land, LLC",1858 AZ-95,,,
Bradley Properties,1858 Paseo San Luis Ste. A,,,
Sell My House Prescott Az,186 E Sheldon St #1018,,,
Rachel Clark | Tucson Realtor | eXp Realty,1860 E River Rd,,,
Acclaimed Realty Group LLC,1860 N State Dr # 3,,,
Karen Boarman - Realtor * Realty Executives AZ Territory,1865 W State Rte 89A #C,,,
Sylvia Clark | Lake Havasu Real Estate,1871 N Kiowa Blvd,,,
"Deborah Borgerding Realtor, Green Valley AZ real estate",18745 I-19 Frontage Rd,,,
"Justine Lewis, Realtor®, ABR®, SRES®, SRS - Tierra Antigua Realty",18745 I-19 Frontage Rd A105,,,
Caroline Reilly | Tierra Antigua Realty,18745 S I 19 Frontage Rd,,,
Copper View Realty,18745 S I 19 Frontage Rd #105,,,
Tierra Antigua Realty - Green Valley,18745 S I 19 Frontage Rd A105,,,
David Masterson - Tierra Antigua Realty,18745 S I 19 Frontage Rd Ste A-105,,,
Kim Martonosi - Tierra Antigua Realty,18745 S I 19 Frontage Rd Suite A105,,,
Realty Executives Arizona Territory - Green Valley/Sahuarita,18767 S Nogales Hwy,,,
Michael Gonzales Real Estate Agent,18767 S Nogales Hwy Ste 125,,,
Alan Aronoff | Long Realty,1880 E River Rd,,,
Realty ONE Group Integrity - Green Valley,190 W Continental Rd #200,,,
"Blaire Lometti, Realtor- Tierra Antigua Realty",190 W Continental Rd #220,,,
"Becky Payne, Century 21 Flagstaff Realty",1900 N Country Club Dr,,,
Redfin | Phoenix Real Estate Agents,1900 W University Dr Ste 205,,,
Achieve Realty,1902 E Shasta Lake Dr,,,
Penny Bernal - Southern Arizona's Real Estate Professional,1911 N Placita Yoas,,,
Turn Key Home Inspection,1912 Owens Lake Dr,,,
Long Realty Yuma San Luis,1914 Cesar Chavez Blvd Suite 2,,,
Winslow Apartment Company,1914 W 3rd St Suite A,,,
REALTY EXECUTIVES LAKE HAVASU CITY,1915 McCulloch Blvd N #104,,,
eXp Realty Super Block,1915 McCulloch Blvd N Suite A,,,
West Valley Real Estate Inc.,1916 Pine Dr,,,
Kingman Realty Executives Kingman Elite,1916 Stockton Hill Rd,,,
Kelly Herrington - Realtor,1919 N Trekell Rd,,,
Kay Kerby and Sarah Campbell @ Coldwell Banker Rox Realty,1919 N Trekell Rd C,,,
"Erin Dugan, Realtor",1919 N Trekell Rd Ste. E,,,
ROX Commercial,1919 N Trekell Rd Suite B,,,
Kingman Golden Valley Association of REALTORS®,1923 Kino Ave,,,
Luxe 1930,1930 N Country Club Dr,,,
Apartment Options,1930 S Alma School Rd b101,,,
Valley King Properties,1930 S Dobson Rd #5,,,
"Barry Fisher: Realtor @ Real Broker AZ, LLC",19338 N Portarosa Dr,,,
Tucson Realty Now,1946 E Longspur Pl,,,
HomeRiver Group Lake Havasu City Property Management,1947 McCulloch Blvd N #102,,,
"Natasha Weninger Sells Sedona, Realtor",195 AZ-89A,,,
Carol Roehner - Sedona Real Estate Agent,195 N State Rte 89A,,,
Arizona Realty in Ajo,195 Plaza #195,,,
Clara Cantu-Leach Realtor,195 W Arizona 89a,,,
Coldwell Banker Realty - Sedona Office,195 W State Rte 89A,,,
Sheri Sperry Coldwell Banker Realty,195 W. SR 89A,,,
VELIA DEUPREE REMAX FRONT DESK SAN LUIS AZ,1950 E Juan Sanchez Blvd,,,
Real Property Management Northern Arizona,1953 AZ-95,,,
"Max Fisher, Commercial Real Estate Broker",1955 W Grant Rd,,,
Bullhead City Real Estate,1957 AZ-95 #19,,,
Signature Premier Realty,1959 S Val Vista Dr UNIT 132,,,
United Country-Arizona Country Real Estate,1965 Commerce Center Cir c,,,
Bellagio Executive Plaza Peart Rd.,1968 N Peart Rd unit 102 bldg 1,,,
"Candace Currey, Realty ONE Group Mountain Desert",1971 McCulloch Blvd #102,,,
Brigitte Jerke Real Estate Agent Lake Havasu City Realty ONE Group,1971 McCulloch Blvd N,,,
Nikki Miller Realtor - Realty One Group Mountain Desert,1971 McCulloch Blvd N #102,,,
Kristina Horton Realtor,1971 McCulloch Blvd N Ste. 102,,,
"Brooke Kurtz, Realty ONE Group Mountain Desert",1971 McCulloch Blvd N Suite 102,,,
Teri Tobar - Realty One Group Mountain Desert,1971 McCulloch Blvd N Suite: 102,,,
Katie Spiegel - The Elite Home Group,"1971 McCulloch Blvd N., Lake Havasu City, AZ, 86403",,,
"Diane Dahlin, Diane Dahlin's Pine Rim Realty",1973 Red Deer Run,,,
GOODRICH SELLS HOMES: Brandy Goodrich,19756 N John Wayne Pkwy,,,
HomeSmart Success,19756 N John Wayne Pkwy #100,,,
Realtor Crystal Runyon HomeSmart Success,19756 N John Wayne Pkwy STE 100,,,
"Nancy Garera, REALTOR",19756 N Maricopa Rd STE 100,,,
Christy Walker,19820 N 7th St #110,,,
Treaccar Realty,19887 US-93,,,
PHIL ANNETT,1990 McCulloch Blvd N,,,
Mary Wells Sells,1990 N McCulloch Blvd N #109,,,
"ERA Four Feathers Realty, LC",1993 Frontage Rd #105,,,
"Cody Hoyer, REALTOR Associate Broker with ERA Four Feathers Realty, LC",1993 S Frontage Rd #105,,,
Phoenix Wholesale Property,2 N Central Ave,,,
Gary Brasher,2 Tubac Rd,,,
AZ Uptown Homes,20 Brewery Ave,,,
Mesa City Real Estate Services,20 E Main St #500,,,
"Melody Riccobono, Provident Partners Realty",20 Pinewood Blvd,,,
Alejandro Sedona Real Estate,20 Roadrunner Dr,,,
Sedona Vacation Property Management | VacayAZ,20 Roadrunner Dr b,,,
Elisa Andreis Sedona Real Estate,20 Roadrunner Dr suite a,,,
First United Realty,20 S 2nd St W,,,
Real Estate Listings & Services,200 S Leroux St,,,
Santa Fe Realty Inc,200 S Leroux St #101,,,
Danny White Real Estate,2000 McCulloch Blvd N,,,
"Amy Kleefisch - Realtor - Lake Havasu City, AZ",2000 McCulloch Blvd N Suite 101,,,
CENTURY 21 Arizona West,2000 W Wickenburg Way,,,
"Anna Thibault, PLLC",2000 W Wickenburg Way #100,,,
"charlotte bohner, Century 21 Arizona West",2000 W Wickenburg Way #200,,,
"Bryan Burns, MBA - Century 21 Barbara Ricca Realty",2002 Stockton Hill Rd #102,,,
Empire Title Agency - Maricopa,20046 N John Wayne Pkwy STE 106A,,,
Keller Williams Northeast Realty,2005 W Happy Valley Rd #150,,,
Phoenix Local Real Estate,2008 W Forest Pleasant Pl,,,
Ransom's Hideout,201 N 5th St,,,
"Prescott AZ Real Estate/Derek Bresson, Iannelli & Associates Real Estate",201 N Alarcon St suite f,,,
Tucson Real Estate Division,201 N Stone Ave,,,
Harley Hendricks Realty,201 W 2nd St,,,
Kim Ross Team Realty Executives Arizona Territory,201 W Main St suite h,,,
Home Right | Real Estate Agents in Prescott Arizona,202 N Granite St # 202,,,
The Peaks Thumb Butte Realty,202 W Gurley St,,,
"Jessica Topol, Realtor",2020 Silver Creek Rd # D101,,,
Country Ranch Realty,2020 Silver Creek Rd Ste C109,,,
Chino Meadows III,2022 Hualapai Dr,,,
Fort Lowell Realty & Property Management,2026 E Prince Rd,,,
Cordes Junction Realty: Annette Eustace,20282 E Stagecoach Trail,,,
Cordes Junction Realty,"20282 E Stagecoach Trl, Mailing address is Mayer, AZ. 8633",,,
Sheridan Property Group,203 W Willis St,,,
Via Realty,2030 E Broadway Blvd UNIT 108,,,
Golden Valley Real Estate,2030 W Ave O 4,,,
Integrity Arizona Real Estate Sales,2035 Swanson Ave,,,
Gregory Shoemaker - Oak Realty,2035 US-60,,,
APX Real Estate Group,2036 McCulloch Blvd N,,,
"Tanya Stiegemeier, Tombstone Real Estate",204 E Fremont St,,,
Tombstone Real Estate,204 W Fremont St,,,
White Drive,204 White Dr,,,
Blue Moon Bungalows Vacation Rentals,205 Douglas St,,,
Pine Shadows,2050 AZ-89A,,,
Delta Properties,2050 N Smokey Ln,,,
The Sandy Norman Team,2050 Palo Verde Blvd N,,,
CORE Realty Professionals,2050 S Woodlands Village Blvd Suite 1,,,
"Arizona Luxury Real Estate, LLC",20511 Hayden Rd #115,,,
"Erica Rivera, Realtor",2052 S 4th Ave,,,
The Realty Agency,2052 S 4th Ave A,,,
"Jessica Tuggle, The Realty Agency",2052 S 4th Ave B,,,
Long Realty Jasper Associates,20645 N Pima Rd Suite 120,,,
Windmill Ranch Chino Valley Short Term Home Rental,2070 W Rd 2 N,,,
Avalon EcoVillage,2074 Pendleton Dr,,,
"Shelley Buckman, Realty One Group, Mountain Desert",2076 S Woodlands Village Blvd #101,,,
Pioneer Title Agency,208 N Main St,,,
"Exodus Property Solutions, LLC",20987 N John Wayne Pkwy,,,
"Mohave Realty, Inc.",21 Acoma Blvd S,,,
Green Valley Sahuarita Association of Realtors,210 W Continental Rd,,,
RE/MAX Select - Green Valley,210 W Continental Rd Suite 216A,,,
ARIZONA HomeStores,2100 Paseo San Luis,,,
Stratton Group - Keller Williams Southern Arizona,2102 N Country Club Rd #9,,,
Joey Castillo - Volk Company Commercial Real Estate,2102 N Country Club Rd Suite 7,,,
Arizona Luxury Partners - Real Estate Group,21020 N Pima Rd,,,
Peggy Young,21020 N Pima Rd Suite 100,,,
JoStack Properties,212 S Leroux St Apt1,,,
The Gedalje Group,2126 McCulloch Blvd N,,,
Beth & James Adams,2130 S Squaw Peak Rd,,,
Data Driven Offer,21300 N John Wayne Pkwy,,,
Cindy Golinar,21300 N John Wayne Pkwy #101,,,
Brandi Petro - REALTOR | Maricopa-Chandler-Phoenix Real Estate | The Maricopa Real Estate Company,21300 N John Wayne Pkwy STE 101,,,
Sam St. Clair - REALTOR®,21423 N John Wayne Pkwy,,,
Mac's Pro Real Estate,2143 N Country Club Rd Ste B,,,
David Pole - Phoenix Real Estate Agent,21448 N 75th Ave Suite 2,,,
Infinitude Realty,2145 McCulloch Blvd N,,,
Sunstone Real Estate Group at Coldwell Banker Realty,2148 McCulloch Blvd N #105,,,
China Mary Inn,215 E Allen St,,,
Prescott Premier Properties,215 E Goodwin St,,,
Samantha Sloan - Real Estate Agent,2150 W Alameda Rd UNIT 2229,,,
Superstition Stables Horse Boarding,2151 N Warner Dr,,,
Cobe Real Estate Inc,2152 S Vineyard #116,,,
Realty Foremost,2156 McCulloch Blvd N #5,,,
Tierra Antigua Realty - Downtown,216 E Congress St,,,
Sierra Shadows Realty,216 E Myer Dr,,,
"Right Price Realty, Property Management & Real Estate",2160 AZ-95 Suite 6,,,
The Crouch Group Phoenix Realtors,21639 N 12th Ave #200,,,
JPAR Vantage,2168 E Williams Field Rd #210,,,
"Call Realty, Inc.",2168 E Williams Field Rd #240,,,
My Yuma Realty LLC,2180 S 4th Ave Ste G,,,
SV Properties LLC,21816 Greenland Park Dr,,,
"Carrie Swift, “Swift Sells.” Designated Broker/Owner of Swift Real Estate Group",2182 McCulloch Blvd N # 4,,,
Sandi Shaffer,2184 McCulloch Blvd N,,,
Affinity Premier Properties LLC,2184 McCulloch Blvd N suite b,,,
Cottonwood Homes for Sale,2185 W Trail Blazer Dr,,,
"Alana Bateman, Russ Lyon Sotheby's Intl Realty",219 N Humphreys St #86001,,,
"Premier Business Investments, LLC - Property Management Company",219 S William Dillard Dr STE 107,,,
Jose Casillas Realtor,2194 W Congress Ave,,,
Tri-com Real Estate & Investment Inc.,"22 S McNab Pkwy, San Manuel, AZ 85631",,,
Coast & Mountain Properties,22 W Birch Ave,,,
Desert Palms Apartments,220 9th St,,,
Jim Stark Real Estate Agent,220 Canyon Diablo Rd,,,
Go2Acquisitions,220 Tanglewood Ln,,,
Good Oak Real Estate,2200 E Williams Field Rd Suite 200,,,
A Tri State Home Inspections,2202 Jamie Ct,,,
Barrett Real Estate,2212 E Williams Field Rd #210,,,
BTG Real Estate,2212 E Williams Field Rd #225,,,
Pioneer Title Agency,2213 Stockton Hill Rd,,,
FlagHomes Real Estate,2217 E Cedar Ave,,,
Harrison Real Estate Group,"2221 East Frontage Rd PB1320, Bldg. J101",,,
Mea Brown | Real Estate | Local Realtor®,2221 I-19 Frontage Rd Suite F101,,,
Simple Way Real Estate,2222 S Dobson Rd,,,
World Class Property Management,2222 S Dobson Rd UNIT 204,,,
Robinson and Associates Real Estate,223 N San Francisco St Suite 105-A,,,
Journey Real Estate,223 White Spar Rd,,,
Bryant Commercial Real Estate,2233 N 7th St,,,
Farnsworth Realty and Management AZ,2233 S Springwood Blvd,,,
Starr B Farm,225 Big Chino Rd,,,
Integrity Plus Property Management,2250 N Pinal Ave,,,
"Realty Executives Arizona Territory | Sally Robling, REALTOR®",2251 I-19 Frontage Rd,,,
TNT Investment Properties,2259 W Congress Ave,,,
Van Horn Mickey Realty Exctvs,2260 S 4th Ave D,,,
Rancho Val Vista,2263 N Trekell Rd,,,
Carlos Enriquez - Enriquez Team - HomeSmart - Real Estate,2266 S Dobson Rd Ste #247,,,
"ZOOM Realty Group, Palm Beach, Rocky Dole, Managing Real Estate Broker",2266 S Dobson Rd suite 266,,,
Big Pine Cabins,2268 AZ-260,,,
Angelo Davis REALTOR® RE/MAX Sedona,2290 AZ-89A,,,
Susan Deierling Team - RE/MAX Sedona,2290 AZ-89A Suite D,,,
"Airen Sapp, RE/MAX Sedona",2290 W State Rte 89A,,,
Lake Havasu Board of Realtors,2293 Swanson Ave,,,
Firefly Property Management,2295 Bison Rnch Trl #437,,,
Realtor Convention Center,2295 Swanson Ave,,,
Real Broker,2296 N Presidential Dr,,,
Casa Antigua Apartments,2299 Oakmont Dr,,,
Tom Hostad Realty,2299 S Via Massari,,,
"Gale Culver - Arizona | Gilbert, Mesa, Queen Creek, Phoenix, Prescott and Surrounding Areas Realtor",2301 S Stearman Dr,,,
Amy Jones Real Estate Group,2301 S Stearman Dr #13,,,
"Merrill Jencks | Big Helper Group EXP Realty | Gilbert, AZ REALTOR",2301 S Stearman Dr Ste 27,,,
Metro Realty,2302 N Central Ave #12,,,
Republic Properties Inc. Scott Hensley,"23025 W. Old, AZ-66, Seligman, AZ 86337",,,
Brian Knows Prescott Real Estate,231 N Marina St,,,
Destination Havasu,231 Swanson Ave #102,,,
Stargazing Retreats Camp Verde,2320 N Private Dr,,,
Gilpin's RV Park,23301 AZ-89,,,
Lynn Veith - Kleefisch Real Estate Team - Remax Prestige Properties,2331 Hualapai Mountain Rd,,,
Arizona Property Brokerage,2333 W Northern Ave #7,,,
Casa de Alegria,234 Opera Dr,,,
SMS Property Management & Realty - Sierra Vista Property Management,2345 E Fry Blvd,,,
My Az Realty Team – West USA Realty,2355 W Utopia Rd,,,
"Bev Mahlmann, Long Realty Company",2363 E Fry Blvd,,,
Burkett Co Realtors,2370 S Virginia Dr Suite 101,,,
I Love Sedona Real Estate - eXp Realty,2370 W State Rte 89A,,,
Red Sedona,2370 W State Rte 89A #11-268,,,
Conflux Real Estate,2390 E Camelback Rd,,,
Habitation Realty Property Management,24 Brewery Ave #1021,,,
Chino Meadows,24 Cactus Wren Rd,,,
Eileen Taggart. Flagstaff Real Estate,24 E Rte 66,,,
"Dusty Rhoton, RE/MAX Fine Properties",24 Historic Rte 66,,,
Michelle Burgi Commercial Real Estate RE/MAX Fine Properties,24 Rte 66,,,
"York Estates, LLC",24 Shady Ln,,,
"Anna Elliott, REALTOR",24 W Rte 66,,,
My Home Group Real Estate Prescott,240 S Montezuma St #101,,,
Michael Worth Rise Real Estate,2401 S Gilbert Rd,,,
"Realty Executives Kingman | Sandra Hubka | real estate agent | Kingman, AZ homes for sale",2403 Stockton Hill Rd,,,
Kleefisch Real Estate Team: Dan Veith,2404 Stockton Hill Rd,,,
"Lori Chambers, Realtor",2404 Stockton Hill Rd A,,,
Lauri Barker - Associate Broker/Realtor® Re/Max Prestige Properties,2404 Stockton Hill Rd STE A,,,
AZNORTH Realty,2410 E Rte 66,,,
Realtor Associates of Lake Havasu,2410 Palo Verde Blvd N,,,
Ryan Comstock Realtor / Tucson / Oro Valley / eXp Realty,2410 W Ruthrauff Rd,,,
Legacy Real Estate Team Brokered By eXp Realty,2425 S Stearman Dr #210,,,
Top Rock Realty - Rob Becker,2444 E Southern Ave #106,,,
Tucson Association of REALTORS®,2445 N Tucson Blvd,,,
The Curtis Johnson Team - eXp Realty,2450 S Gilbert Rd #210,,,
Showtime Realty,2454 E Southern Ave #101,,,
Team Sponder - Sponder & Associates Real Estate,2461 Miracle Mile,,,
Tami Guerra REALTOR® Long Realty,2463 E Fry Blvd,,,
Home Team Investors,2466 N Casa Nueva Cir,,,
"Silver Sage Properties, LLC.",248 Verde Rd,,,
Home Team Prescott @ Realty ONE Group Mountain Desert,2485 N Great Western Dr,,,
Prescott Home Sales-Superlative Realty,2485 N Great Western Dr # B,,,
"Erin Carmona, PLLC, REALTOR - RealtyONE Group Mountain Desert",2485 N Great Western Dr #B,,,
Nate Hastings Real Estate,2487 S Gilbert Rd #106-152,,,
Local Rental Team,2500 S Woodlands Village Blvd,,,
West USA Realty Flagstaff,2500 S Woodlands Village Blvd UNIT 3,,,
Realtor - North Phoenix,2502 W Big Oak St,,,
Alana Bender - Long Realty Partners,251 E Cottonwood Ln,,,
Royalty Real Estate Services LLC.,251 N Morris,,,
Di Peso Realty,251 W 4th St,,,
Kingman Home Realty: Sandra Wetmore,2510 Stockton Hill Rd,,,
Poppy Valley Realty,"2515 Kingman Ave, Kingman, AZ 86401",,,
Williams Realty Group Inc.,25185 Madison Ave Suite A,,,
Quia Farms,2521 S Horny Toad Trl,,,
Tucson Realty & Trust Co Management Services LLC,2525 E Broadway Blvd,,,
Healthcare Real Estate Brokers Phoenix - Dupuy | Perry | Gabuzzi | Thompson Team,2525 E Camelback Rd #210,,,
Flagstaff Innovative Realty,2526 E Jeffrey Loop,,,
Gary Lott at HISER & CO Real Estate Professionals,2535 Hualapai Mountain Rd B,,,
Sunrise Hills,2544 Nez Perce Rd,,,
Crites & Associates Realtors,255 W 24th St #2,,,
"Angie Felix, Keller Williams Realty Yuma",2553 E 24th St,,,
"Dale Lucas, GRI - eXp Realty",2565 E Northern Ave #200,,,
Black Mountain Valley Property Management,2580 AZ-95 # 211,,,
S Port Investments LLC dba Ranch To River Realty,2580 AZ-95 STE 118,,,
"TRG Leasing, A Division of The Ristow Group",2580 AZ-95 STE 213,,,
SmokeWagon Real Estate,2580 Landon Dr D,,,
Colorado River Top Producers Realty,2585 Miracle Mile STE 102,,,
Black Mountain Valley Realty Bullhead City,2585 Miracle Mile STE 128,,,
Help-U-Sell Mike Bowling,2589 E 24th St Suite #4,,,
Lake Havasu City Real Estate,260 N Lake Havasu Ave,,,
Lyons Real Estate Group,2600 N Central Ave ste 610,,,
Nicole Loos Realtor RE/MAX Prestige Properties,2605 E Andy Devine Ave,,,
Pivotal Real Estate Solutions LLC,2627 E Virginia St,,,
Sundial Real Estate LC,263 W 3rd Pl,,,
Erika Blanco - The Elite Home Group,2635 Kingman Ave Suite B,,,
Cornerstone Real Estate Group of Phoenix AZ,2638 E Bear Creek Ln,,,
Cabins At Bison Ranch,2647 Palomino Trail,,,
Misty Sunrise Ranch,26475 Apple Dr,,,
Lynn Thompson at Realty ONE Group Mountain Desert,2649 AZ-95,,,
Long River Realty,2649 AZ-95 Suite C,,,
Green Valley Home Watch,26511 S Coopers Hawk Rd,,,
US Consolidated Farm Services Agency,267 N 8th Ave,,,
Barbara Baker Realty,2675 W State Rte 89A,,,
Pam Goodmansen - Luxury Home Realtor,2680 S Val Vista Dr,,,
Swee Ng - HomeSmart Realtor,2680 S Val Vista Dr #101,,,
Joe Carroll Real Estate Team | HomeSmart | ListingHamster.com,2680 S Val Vista Dr bldg 1 ste 101,,,
Barton Group AZ HomeSmart,2680 S Val Vista Dr STE 101,,,
Megan & Jason Williams | REALTORS | Blue Collar Homes & Design,2680 S Val Vista Dr Suite 101,,,
Chicago Title,2699 E Andy Devine Ave,,,
Havasu Hot Sheet,27 Acoma Blvd S,,,
WEST USA REALTY,27 S Acoma Blvd N,,,
Flagstaff Luxury Homes - Chad Dragos,2700 S Woodlands Village Blvd,,,
Gila Valley Rentals LLC,2700 US-70,,,
Clyde Hurst /Eagle Realty,2701 E Andy Devine Ave,,,
Realty Foremost,2701 E Andy Devine Ave #104,,,
Eagle Realty,2701 E Andy Devine Ave #300,,,
Amber VanderJagt,"2701 E ANDY DEVINE AVE STE 105, KINGMAN, AZ, 86401",,,
Kingman Real Estate,2701 E Andy Devine Ave Suite 105,,,
Mohave Integrity Real Estate - Debra Sixta,2716 Stockton Hill Rd,,,
Chris Altman and Joe Gill at My Phoenix Real Estate,2720 E Camelback Rd #101,,,
Las Sendas Real Estate,2733 N Power Rd,,,
Tucson's TLC Realty,2739 S Pantano Edge Dr,,,
Cabin Fever,2742 Bobcat Trail,,,
Bear Country Ranch LLC,2745 AZ-260,,,
Casa Del Sol Realty,2748 US-70,,,
Russ Lyon Sotheby's International Realty,275 E Rivulon Blvd #100,,,
Karen West-Long Realty,275 W Continental Rd,,,
Long Realty - Green Valley,275 W Continental Rd #101,,,
Paul Cunningham ERA Matt Fischer Realtor LLC,2755 S 4th Ave,,,
Rob Turner @ ERA Matt Fischer Realtor,2755 S 4th Ave #100,,,
ERA Matt Fischer Realtor,2755 S 4th Ave Suite 100,,,
Arizona Desert Home Real Estate & Design Marcie Mossman Broker/Owner,2755 Silver Creek Rd Suite 205,,,
Resort Cabin Services Cabin Rentals @ Mogollon Resort Cabins,2756 Fox Trl,,,
Lake Havasu Area Homes,276 Lake Havasu Ave STE A10,,,
Bullhead City Real Estate Pre-licensing Class,2765 AZ-95,,,
Betty Hunter Realty,27680 AZ-72,,,
Eliot Finkelstein,2775 Miracle Mile,,,
Tim Allen - Realtor,2775 Miracle Mile STE 3,,,
Amado Equine Hacienda,27777 S Nogales Hwy,,,
David Plunkett Realty - Bouse Branch,27904 AZ-72,,,
PROPERTY PROS REALTY llc,28 S Main St,,,
Sedona Sweetness Vacation Rentals,280 Pinon Dr,,,
Devon Cutshaw- C2 Real Estate Group,2800 Hualapai Mountain Rd,,,
Angle Homes Inc.,2800 Hualapai Mountain Rd Ste A,,,
David Watson,2800 Hualapai Mountain Rd Suite #G,,,
The Jway Real Estate Group,"2800 Hualapai Mountain rd. Kingman, AZ 86401",,,
United Country London Bridge Realty,2800 Sweetwater Ave,,,
SRJ Real Estate,2804 E Posey Ct,,,
JRW Realty LLC,281 W 24th St #110,,,
Welcome Home Yuma Realty,281 W 24th St #136,,,
Blue River Realty: Michael Hixon,2810 Desert Stars Ln,,,
State 48 Estates - Jimmy Garcia Real Estate Agent,2812 N Norwalk #131,,,
"Alberto Ceja Santiago, Real Estate Associate Broker",2815 S Alma School Rd Suite 111,,,
Dennis & Geri Branaman Realty Executives,2825 AZ-89A,,,
Better Homes and Gardens Real Estate BloomTree Realty,2825 N Glassford Hill Rd,,,
"Lori-Beth Anglin, Realtor, Better Homes and Gardens Bloomtree Prescott Valley Arizona",2825 N Glassford Hill Rd B,,,
RE/MAX Professionals Tucson,2830 N Swan Rd STE 120,,,
Flagstone Apartments & Offices,2841 N Grand Ave #90,,,
H&M Arizona Real Estate Brokerage - Tony Mendoza,285 S 159th St,,,
J Vincent Company,2850 E Skyline Dr,,,
Griffin Realty,2855 S 4th Ave #106,,,
Ambrose Realty Management,286 N Broad St,,,
Desert Foothill Estates,2862 Cactus Bloom Dr,,,
Amado Space Corral INC.,28661 S Nogales Hwy,,,
"Kim Kloberdanz, Prestige Real Estate",2887 N Agave Ln,,,
The Place at Savanna Springs,289 AZ-92,,,
"Options & Opportunities, LLC",289 Boulder Ln,,,
"First United Realty, Inc",289 Main St,,,
Patricia Kaye Brown | Coldwell Banker Realty,2890 E Skyline Dr,,,
The Listing Pad,2898 N Congressional Ct,,,
Magic Land Realty,29 Tubac Rd Suite #3,,,
"Ken Nelson, Real Estate Advisor, Engel & Völkers Tucson",2905 E Skyline Dr,,,
Dean Leonard - Realtor,2910 N Swan Rd Suite 204,,,
"HomeSmart - Laura Davis Realtor Mesa, AZ",2913 N Power Rd,,,
East Mesa Realtor,2913 N Power Rd #102,,,
"Michele Keith Realtor, The Keith Group - Las Sendas Realtor",2913 N Power Rd STE 101,,,
Brad Broyles - Commercial Real Estate Options,2913 N Power Rd STE 108,,,
AZ Properties Team,2916 Stockton Hill Rd,,,
Klaus Team - Real Estate Solutions,2919 S Ellsworth Rd STE 133,,,
The Kaushal Team - Brokered by eXp Realty,2920 E Camelback Rd Ste 100,,,
Angela Williams - Real Estate Agent,"2920 N Litchfield RD, Goodyear, AZ, 85395",,,
Pottinger Realty LLC,2921 N Grand Ave,,,
Noginan Real Estate,2921 N Grand Ave #1,,,
"Shar Rundio, REALTOR | eXp Realty",2929 N Power Rd C10,,,
"Wardrop Real Estate Group, LLC",2939 S Power Rd,,,
"Bridgett Bowers, Camp Verde Realty",295 S Main St #1,,,
Cactus Wren Realty,296 Charles Dr,,,
Russ Lyon Sotheby's International Realty,2971 Willow Creek Rd Building #5,,,
Glenn Realty,298 E 4th St,,,
Fort Mohave,29VH+47,,,
"Bob Prigmore, Tubac AZ Real Estate",3 Tubac Rd,,,
LAKE HAVASU CITY FURNISHED VACATION RENTALS,30 Acoma Blvd S #210,,,
Alysia Carlin - Prescott Realtor The Carlin Team - Iannelli & Associates Real Estate,300 E Willis St # A-1,,,
Syringa Property Management,300 W Gold Hill Rd,,,
Bridgett Baldwin - Berkshire Hathaway HomeServices Arizona Properties,3001 E Skyline Dr Suite 133,,,
"Brad & Iwona Snyder, Sierra Vista Realty",301 N Garden Ave,,,
AZ Ranch Connection,301 N Garden Ave #3811,,,
Tanya T Turner; Real Estate Professional,301 S Garden Ave,,,
"Gail Butler, West End Realty",301 S Garden Ave B,,,
"CENTURY 21 Highland Realty, Co.",3010 Stockton Hill Rd,,,
Century 21,"3010 Stockton Hill Road Kingman, AZ 86401",,,
Phoenix Real Estate Agent John Cunningham,3015 E Coolidge St #8,,,
Rent Right | Property Managers in Prescott Arizona,302 W Willis St #100,,,
Fort Lowell Realty and Property Management,3020 E Camelback Rd UNIT 255,,,
Dexter Real Estate,3020 N Silver Hill Dr,,,
Lynne Weatherby Realty,303 McKeown Ave,,,
Renaissance Realty,3030 Needles Hwy Unit #900,,,
River Rats Realty,3031 Rosewood Ave,,,
Traci Jones Team,3037 W Ina Rd Suite 121,,,
Linton Real Estate LLC,304 S Elden St,,,
Bellagio Real Estate Mesa,"3048 E Baseline Rd Building 9, Unit 119 & 120",,,
Alberta Shantz Realty,305 E Cherry Ave # 200,,,
Purcell & Associates - Real Estate & Property Management,3050 N Navajo Dr #103,,,
Desert bloom honey company,307 Philpott Dr,,,
Barbarita Realty Consultants,3080 Needles Hwy #3000,,,
Rancho San Cayetano,31 Santa Gertrudis Ln,,,
Long Realty Uptown,310 E Thomas Rd,,,
Thatcher Properties LLC,310 W Thatcher St,,,
HomeSmart Fine Homes & Land,3100 N Navajo Dr Suite B2,,,
RE/MAX Five Star Realty,3100 Needles Hwy Suite 1000,,,
Coldwell Banker Realty - Phoenix-Paradise Valley,3113 E Lincoln Dr,,,
Green Valley Vacation Rentals,3114 Vía Del Tirol,,,
Your Flagstaff Home,3120 W Forest Hills Dr,,,
Sonoita Realty,3123 AZ-83 A,,,
CXT Realty,313 S Convent Ave,,,
Far West Realty,3130 N Robert Rd Ste. #3,,,
Mari Sells Arizona - eXp Realty,31300 S Nectar Ln,,,
Stephanie Woods Team,3131 N Robert Rd #5,,,
Arizona Ranch Real Estate,3138 S Almendra Rd,,,
AZ Lane Realty,3145 E Chandler Blvd UNIT 110,,,
Planet Realty,315 N 31st Ave,,,
Dyanna Nichols Real Estate Agent,3150 AZ-89A #4a,,,
"Helen Capozzi and Scott Malmgren, Sedona - Realty One Group Mountain Desert",3150 W State Rte 89A,,,
Tera Bruge - EXP Realty - Sedona,3150 W State Rte 89A #4,,,
"James Cecil, Realty ONE Group Mountain Desert Sedona",3150 W State Rte 89A #4a,,,
Rox Real Estate,3151 N Piper Ave,,,
Rancho Sonado,3155 Elephant Head Rd,,,
Long Realty Sonoita/Patagonia,3166 AZ-83,,,
Red Tail Real Estate,3166 AZ-83 unit 2,,,
Yost Realty Group at RE/MAX Casa Grande,317 E Cottonwood Ln Suite C,,,
"Blake Cain, Russ Lyon | Sotheby's International Realty",317 N Humphreys St,,,
Headquarters West Ltd,3170 AZ-83,,,
Karen Piet,"319 E, Regent St",,,
"Rick Lopez, REALTOR",319 Regent St #205,,,
"Renee Hanson, Northern AZ Realtor",319 Regent St #E205,,,
Sedona Lifestyle Properties @ Keller Williams Realty : Lynne Easterday,3190 W State Rte 89A,,,
Sedona.org,3190 W State Rte 89A #400,,,
Sedona.org Vacation Rentals,3190 W State Rte 89A Suite 550,,,
Wickenberg Ranch,3195 Dusty Trl Dr,,,
GilbertNOW,32 N Gilbert Rd,,,
Arizona My Home Realty,320 E 4th Ave,,,
Hoffman Real Estate Group,320 S Convent Ave,,,
"Arizona Commercial Properties, brokered by eXp Commercial",320 S Convent Ave Ste 1,,,
Berkshire Hathaway HomeServices Arizona Properties,3200 E Camelback Rd # 103,,,
Bobby & Julie - The Lewis Team - RE/MAX by the Lake,321 Lake Havasu Ave,,,
RE/MAX by the Lake,321 Lake Havasu Ave #102,,,
A Casa Realty,3215 AZ-89,,,
The Sedona Dream Maker,322 Dream Maker Way,,,
Yavapai Realty,322 S Main St Unit B,,,
Sterling Real Estate Management,323 S River Run Rd #1,,,
Flagstaff Top Producers Real Estate,323 S River Run Rd #2,,,
Blocks Real Estate Brokerage,323 W Roosevelt St # 200,,,
Century 21 Success Realty,3241 N Grand Ave,,,
Long Realty Sonoita/Patagonia - Patagonia,325 McKeown Ave,,,
West USA Realty of Prescott,3255 AZ-89,,,
Yuma Realty Professionals,3265 S Ave 3 3/4 E,,,
West USA Realty of Prescott Gateway Mall,3280 Gateway Blvd Ste 284,,,
Tucson Realty Now,3281 W Monte Vista Trail,,,
The Daniel Montez Real Estate Group,33 N Lindsay Rd #111,,,
Sagewood Apartments,330 N 10th St,,,
Gentry Real Estate,3303 E Baseline Rd Suite 119,,,
Selman Associates,3303 State Hwy 95 Spur,,,
River City Realty,331 Park Ridge Cove,,,
Realty Executives McConnaughay,331 S Madison Ave,,,
Wickenburg Ranch,3312 Maverick Dr,,,
Desert Haven Realty Inc,"3314 El Tovar Ave, Kingman, AZ 86409",,,
1st Continental Realty & Investment,3317 AZ-95,,,
Bart Is My Agent - Haiduk Realty Experience,3325 E Baseline Rd,,,
Beaver Creek Realty,3325 E Beaver Creek Rd,,,
Tucson Realty & Trust Co.,333 N Wilmot Rd #340,,,
John Gluch Scottsdale Real Estate Agent - EXP,3333 Hayden Rd Suite 4,,,
Kingman Premier Properties Of Meadview,335 Pueblo Dr,,,
Orange Sky Real Estate,335 W McDowell Rd Suite 3,,,
Deron A. Kramer ~ Kramer's Real Estate Investments,3362 Cerritos Ln,,,
The Local Realty Experts,3365 AZ-95,,,
"Terry Radigan HomeSmart Realtor Associate Broker Cave Creek, Scottsdale",33725 N Scottsdale Rd STE 130,,,
CENTURY 21 Arizona Foothills - North Scottsdale,33765 N Scottsdale Rd Ste 130,,,
Baas Realty Group LLC,3384 W 38th Pl,,,
La Frontera Realty,340 Naugle Ave,,,
NetWorth Realty,3410 E University Dr Suite 373,,,
havasu blue realty,3417 Lancer Ln,,,
Blair Ballin Phoenix Realtor,3420 E Shea Blvd #216,,,
Trilogy at Wickenburg Ranch,3430 Club Terrace Way,,,
Kelly Jensen Broker - KJ Elite Realty,3430 E Kesler Ln,,,
Squaw Peak Realty,34300 Old Black Canyon Hwy,,,
Russ Lyon Sotheby's International Realty,3450 E Sunrise Dr #150,,,
Arizona Central Land and Home,348 S Main St #5,,,
Plant Fair Nursery Inc.,3497 AZ-260,,,
"A.T. Pancrazi Real Estate Services, Inc.",350 W 16th St #332,,,
Coolidge Senior Place,350 W Spruell Ave,,,
Havasu Realty,3505 Maricopa Ave,,,
The Colony Apartments,351 N Peart Rd,,,
"REALTOR® Zeth Kuritzky, Realty ONE Group- Phoenix AZ Real Estate",3530 S Val Vista Dr #114,,,
"Walt Danley Local Luxury Real Estate | Christie's International Real Estate - Arcadia Phoenix, Arizona",3545 E Indian School Rd,,,
Andrea Lydy Real Estate,355 E Germann Rd Suite 180,,,
Garden Brook Realty Property Management Division,3550 W Center St,,,
Teresa Wagner,3562 Arrivaca Rd,,,
Realty Executives,35769 Old Black Canyon Hwy,,,
Flagstaff Ranch Real Estate,3600 S Flagstaff Ranch Rd,,,
"Blake Cundick, Capstone Homes Realty",3605 S Flagstaff Ranch Rd,,,
Barbara Weeks-Newton | Coldwell Banker Bishop Realty,3617 AZ-87,,,
Coldwell Banker Bishop Realty,3617 AZ-87 Box 189,,,
Stratton Vantage Property Management,3635 E Inverness Ave STE 101,,,
Berkshire Hathaway Home Services Advantage Realty,3640 AZ-87,,,
McCormick Realty,3640 AZ-95,,,
Wardex Inc,3640 AZ-95 # 115,,,
Betty Moir Real Estate,3640 AZ-95 # 130,,,
Desert Canyon,3640 AZ-95 #145,,,
"USA Real Estate & Property Management, LLC",3661 N Robert Rd,,,
United Country Real Estate - Arizona Property & Auction,3664 E Williams Field Rd Ste 103,,,
National Assocation of Exclusive Buyer Agents,3707 E Southern Ave #2106,,,
Realty AZ Central,3707 E Southern Ave #2114,,,
The Gedalje Group,3712 AZ-95 Suite #2,,,
The Engstrom Team - Coldwell Banker Realty,3714 N Barron,,,
Jack Torres real estate,3726 AZ-95,,,
"Angela Busch, Realtor",3726 AZ-95 #1,,,
Carrie Petrowski - Realty ONE Group Mountain Desert,3726 AZ-95 #102,,,
RE/MAX Realty Jim Nawrocki * Associate Broker,3728 S Seton Ave,,,
Denali Real Estate LLC,3740 E Southern Ave #205,,,
Dale Dresel @ Cactus Mountain Properties,37459 W Frascati Ave,,,
Brooks-Clark & Associates Real Estate: Julia Roberts,375 Lake Havasu Ave STE A,,,
David Plunkett Realty - Quartzsite Branch,375 N Central Blvd,,,
Alexis Nuñez REALTOR® with US Southwest Real Estate,3767 AZ-95,,,
Prescott Area Association-Realtors,3767 Karicio Ln,,,
Alexander Halenka & Associates,3767 Karicio Ln Suite 1-D,,,
Along The River Properties,3790 AZ-95,,,
Havasu Foothills Estates,3801 Cherry Tree Blvd,,,
Liberty Properties,3801 S Kerley Dr,,,
Az Real Estate & Property Management,3839 N 3rd St # 305,,,
ERA Young Realty & Investments,3844 AZ-87,,,
DPR Realty Scottsdale | East Valley | West Valley | Central Phoenix,3850 E Baseline Rd Suite 119-120,,,
Sun City Anthem at Merrill Ranch by Del Webb- 55+ Retirement Community,3855 N Sun City Blvd,,,
"Tyche Real Estate LLC, Sarah Luzi Designated Broker",3856 E Stacey Rd,,,
Red Door Realty Services,3860 Frontage Rd Suite 10,,,
AZ New Horizon Realty,3860 N Pinal Ave #5,,,
"Cindi Butkus, Realtor",387 Lake Havasu Ave,,,
Tri State Realty Inc,"3870 Frontage Road, AZ-95",,,
Feb 18 Properties Group,388 N Waggy Pl,,,
Zion Realty,3884 E Encinas Ave,,,
BULLHEAD CITY PROPERTY MANAGEMENT & SALES,3890 Frontage Rd,,,
Rise Up Realty,390 W Catalina Dr,,,
Prescott Real Estate Mountain,3900 E Rich Gulch Ln,,,
D & E Management,3900 Frontage Rd # 1,,,
Pine Creek Cabins,3901 AZ-87,,,
Keller Williams Realty Phoenix,3920 S Rural Rd Ste 114,,,
Sedona Guest Services,395 Chavez Ranch Rd,,,
Landmark Homes,395 W Cleveland St,,,
Real Estate Flagstaff AZ,3955 E Lake Mary Rd,,,
Long Realty - Tubac,40 Avenida Goya # B,,,
Sedona Premier Property Management,40 Cascade Drive,,,
Taylor Farms,40 Taylor Farms Dr,,,
"IPX1031 - Investment Property Exchange Services, Inc.",400 E Rivulon Blvd #118,,,
Rob Witt - Berkshire Hathaway Home Services,400 Finnie Flat Rd,,,
Gila River Cattle,400 NW Old W Hwy,,,
R|A Home Team - Long Realty Company - Sierra Vista,400 W Fry Blvd #16,,,
Platinum Realty Network - Northern Arizona Pro.,400 W Rte 66,,,
American Realty Brokers,4001 N 32nd St STE A,,,
Barbara Ricca Realty,4005 Stockton Hill Rd,,,
CornerConnect,4007 E Paradise Falls Dr STE 125,,,
Maricopa Realty Solutions,40084 W Catherine Dr,,,
D'Ambrose Real Estate,401 E Allen St Box 158,,,
Flex Realty,401 Whipple St,,,
Arizona Elite Properties (Pine Office),4010 AZ-87,,,
"Jennifer Barnett, East Valley Commerical Retail & Residential REALTOR®",4020 E Main St,,,
Pioneer Title Agency,404 E Main St,,,
Arizona Home Pros,404 N Marshall St,,,
DeLex Realty,404 S Beeline Hwy,,,
Arizona Proper Real Estate,4040 E Camelback Rd #102,,,
Dwell Phoenix Team,4040 E Camelback Rd #165,,,
"Dan Nickles, Realtor & Urban Specialist",4040 E Camelback Rd Suite 165,,,
The Phil Tibi Group,4040 E Camelback Rd suite# 130,,,
Ben Ferneau BMP Network - eXp Realty,405 Beale St,,,
BMP Network - Brokered by eXp Realty,405 E Beale St,,,
Payson Homes & Land,405 S Beeline Hwy # F,,,
Sue Brooks - Realtor,4051 E Sunrise Dr,,,
"Vivian Rebeil, The Soraya Platt Team & Long Realty Company",4051 E Sunrise Dr #101,,,
Long Realty - Foothills,4051 E Sunrise Dr Suite 101,,,
Andrea Jackson- Realtor,40565 W Walker Wy,,,
Justin Greer- Real Estate Agent,40688 W Williams Way,,,
Whiteboard Properties,4081 Arcadia Suite B1,,,
Living in Phoenix Arizona REALTOR,410 N Scottsdale Rd Suite 1000,,,
BRAD KIMMELMAN,4105 E Lake Shore Dr,,,
West USA Payson,414 S Beeline Hwy Suite 2,,,
Heather Van Shaar - Tierra Antigua Realty,414 W Main St,,,
Susan Slenk,4140 State Hwy 87 suite 17 A&B,,,
Mohave RV,4144 AZ-95 # B,,,
Dennis Curtis - Tierra Antigua Realty,415 W Main St,,,
Greater Phoenix Real Estate,4155 N 108th Ave L-104,,,
"Cristina Carrillo, Real Estate Agent",416 Bury Ct,,,
Lansink Family Properties,4160 N Pima Way,,,
Jackie Glade Realtor,41607 W Smith Enke Rd STE 103,,,
"Suzanne Hessman PLC, Realtor",41608 W Snow Bird Ln,,,
Mike Domer Group - Launch powered by Compass,4167 N Marshall Way,,,
"Linda Hurth, Associate Broker, GRI",41704 W Smith Enke Rd Suite 100,,,
Maricopa Home Realty | Tammy Adams | Realtor,41704 W Smith Enke Rd Suite 100 Office 3,,,
"Rita Weiss, Desert Canyon Properties",41810 E Cactus Flower Dr,,,
Desert Canyon Properties | Maricopa,41810 W Cactus Flower Dr,,,
RE/MAX Portfolio Homes,4185 S Camino De La Canoa,,,
"Dean De Cesare, Ocotillo Properties",41926 W Granada Dr,,,
Hollingsworth Realty Group in Maricopa - Realtors in Maricopa AZ Near Me - Maricopa Real Estate Company,41948 W Capistrano Dr,,,
Realtor with Superlative Realty,41959 W Monteverde Ct,,,
First Choice Property,422 El Camino Way,,,
"Commercial Real Estate Group of Tucson, LLC",422 N Norris Ave,,,
Launch Real Estate,4222 N Marshall Way Suite A,,,
"Doreen Pottios, Broker",4230 Blacksmith Wy,,,
ERA Young Realty & Investment,424 S Beeline Hwy,,,
Kristin Croak ERA Young Realty & Investment,424 S Beeline Hwy #2,,,
Mesa Verde Real Estate,4240 E Houston Ave,,,
MNR AZ Homes LLC,42419 W Hillman Dr,,,
"Maricopa, AZ Real Estate Agent","42478 W, W Hillman Dr",,,
The Place at Desert Springs,4250 E Busby Dr,,,
Shane Parker Realtor,426 S Marina St Suite B,,,
4:10 Real Estate,428 S Gilbert Rd Suite 106-5,,,
Maricopa Real Estate Gal | Sienna Home Group,42828 W Wild Horse Trail,,,
Fort Mohave,4303s El Toro Drive,,,
Rim 260 Storage LLC,4305 AZ-260,,,
"RE/MAX Traditions - Snowflake, AZ",432 Main St,,,
KOR Properties,4320 E Brown Rd STE 106,,,
CW Realty LLC,43260 Alexandra Ct,,,
"Jared Adkins | Real Estate | Tucson, AZ",4330 N Campbell Ave #256b,,,
Coldwell Banker: Jennie Hallock,4360 E Brown Rd,,,
Donna Allman | AZ REALTOR,4365 E Pecos Rd #103,,,
Isham Real Estate Group,4365 E Pecos Rd #128,,,
The Home Selling Team,4365 E Pecos Rd Ste 133,,,
The BC Team,4365 E Pecos Rd Ste 140,,,
Cobblestone Farms,43862 W Scenic Dr,,,
"Dani Miller, Homesmart Lifestyles",440 N Main St #202,,,
Glen Curtis Inc,4400 E 32nd St,,,
LevRose,4414 N Civic Center Plaza,,,
Sean Lieb - LevRose Commercial Real Estate,4414 N Civic Center Plaza Ste 201,,,
"Holly Pittullo, Realtor",442 W Kortsen Rd #201,,,
LA Zink Company,4427 S Sharp Dr,,,
"Ahwatukee Realty & Property Management, Inc",44400 Honeycutt Rd Ste 102,,,
Sunny Mesa Inc,4445 E Holmes Ave # 102,,,
Manage Maricopa,44488 Rhinestone Rd,,,
US Southwest Realty,4470 AZ-95 #7,,,
AZ Hot Properties,44783 Paraiso Ln,,,
Garden Brook Realty,448 AZ-89 E,,,
Sterling & Smith LLC DBA Qsmithhomes,44955 W Jack Rabbit Trail,,,
Londonderry Realty Inc,45 Capri Blvd A,,,
Clear Property Management,45 N Main,,,
Coldwell Banker Realty,450 Lake Havasu Ave,,,
Lake Havasu Susan,450 Lake Havasu Ave Ste 206,,,
Zane Grey RV Village,4500 AZ-260,,,
Crystal Creek Townhomes,4500 Campus Dr Apt 84,,,
Ross Real Estate/Geno Ross,4505 E Chandler Blvd STE 170,,,
Country Ranch GMAC Real Estate,4513 S Ghostflower Pass,,,
Vista Point Properties,4514 E Camp Lowell Dr,,,
Movoto | The Taylor Team,4525 E Skyline Dr #125,,,
Hampton Edison - Homes for Rent,45305 W Edison Rd,,,
Cornerstone Property Group,45452 W Zion Rd,,,
The Brokery,4546 N 40th St,,,
Coldwell Banker Bishop Realty,45596 AZ-188,,,
Pink Daisy Properties,"4563 North Bank Street, Kingman, Arizona 86409",,,
"Steve Hunter, Realtor, Tierra Antigue Realty",4567 S Cimmaron Ln,,,
FLATZ 520,45760 W Vlg Pkwy,,,
"McTribe Properties, LLC (Residential Leasing)",4585 1st N Ave Box 349,,,
Loyalty Home Group,459 N Gilbert Rd #A-110,,,
Luxury TDY,4594 Chaparral Loop,,,
Gerchick Real Estate,4602 E Waltann Ln,,,
E R Realty,4622 E County 13th St,,,
D L White Real Estate Inc,4625 E Broadway Blvd,,,
Pima Valley Realty Inc,4641 E Pima St,,,
Ewing Land & Cattle Co,46415 AZ-188,,,
City Property Management,4645 E Cotton Gin Loop,,,
Bisbee Brew House,47 Ok St,,,
4 Sons Realty ESVC LLC,470 N Broad St,,,
Michelle Hoskins Realtor,"4700 N CHEROKEE CIR, PRESCOTT VALLEY, AZ, 86314",,,
Golden Valley Real Estate Group,4700 Stockdale Hwy #110,,,
Long Realty Canyon Sky,4711 E Falcon Dr Suite 322,,,
Award Realty,472 E Wickenburg Way,,,
Heidi Gardner-White Mountain Ponderosa Realty,474 S Mountain Ave,,,
Mark Carvalho Real Estate,4746 E Buckboard Ct,,,
Advantage Home Team at Keller Williams Legacy One Realty,475 E Cottonwood Ln,,,
Pawn Plus,"4760 Mohave Valley Highway, AZ-95",,,
Rambo Realty,47601 AZ-188,,,
Long Realty Company - Roberts & Roberts Team,4802 E Camp Lowell Dr,,,
Coplan Felicia,4825 AZ-95,,,
"Mark Brower Properties, LLC",4838 E Baseline Rd Ste 123,,,
SEI Real Estate Professionals,484 Main St,,,
Verde Villages Community Connection,4855 Broken Saddle Dr,,,
Presidential Realty LLC,4856 E Baseline Rd Suite #106,,,
Fast Easy Offer,4862 E Baseline Rd,,,
American Sign Post,4900 Hayfield Draw Dr,,,
Lindsay Fricks Group,4930 E Osborn Rd,,,
Canyon Meadows Realty,4956 S San Pedro Ave,,,
Cottonwood Home Team,499 S 6th St,,,
The Edge Townhomes,499 S Carmichael Ave,,,
"Paul Galloway Realty , Galloway Realty LLC",50 Birch Blvd Unit B,,,
"Alan Powers, Haymore Real Estate LLC",500 E Fry Blvd,,,
Platinum Select Properties,500 N Lake Havasu Ave Ste C-106,,,
Carmelita Apartments,500 N Lenzner Ave,,,
Pioneer Title Agency,500 S 20th Ave,,,
The Levie Group,501 AZ-89,,,
Brian Harness Real Estate Agent,501 N Lake Havasu Ave,,,
LaFave Realty - Rick and Brenda LaFave,501 N Lake Havasu Ave #100,,,
Angela Bergemann - Prescott Real Estate Agent,5010 Bear Way,,,
"Bob Marsh, Warm Weather Real Estate",5013 E Flossmoor Ave,,,
Mary Lou Carbajal-Chavez,502 E Cottonwood Ln,,,
Elite Real Estate Pros,502 E Cottonwood Ln #11,,,
Mesa Apartments,5020 S La Calzada,,,
Donald Bonnell PLLC Broker/Associate - Realty Executives Arizona Territory,503 E Gurley St,,,
Adventure Realty Snowflake,503 Main St,,,
Lawyers Title,503 Main St # A,,,
Robin Stradling Realty LLC,503 Main St B,,,
Integra Homes and Land,504 Club Dr,,,
Mountain View Homes,5041 Lakewood Rd,,,
Integra Homes and Land,504A Club Dr,,,
Property Hub,5055 E Washington St Suite 100,,,
ARH Development,5059 Lakewood Rd,,,
Above Beyond Rental,506 Tombstone Canyon,,,
Phil Hopkins of Desert 2 Mountain Realty,507 N William Tell Cir,,,
Dragonview Mountain Retreat,507D Bailey Hl,,,
Tucson Land & Home Realty,5098 E Fort Lowell Rd,,,
Headquarters West Ltd,51 N Verde Heights Dr,,,
Pioneer Title Agency,510 N Tegner St B,,,
Better Homes and Gardens BloomTreee Cottonwood,511 S Main St,,,
Jerome Copper Mountain,511 School St,,,
Lupita Cleaning Services,5123 Huntington Rd,,,
Superb Realty,5124 E Edgewood Cir,,,
"David Swain, REALTOR® | Clear Sky Professionals with Realty ONE Group Mountain Desert | Flagstaff - Sedona",513 N Beaver St,,,
Chandra Hemminger; Flagstaff Realtor,513 N Beaver St A,,,
UNLimited RE Property Management,513 N Beaver St Suite B,,,
Awni and Chantell Abbas,5134 N Central Ave #101,,,
"ReLion Realty, LLC",515 S 2nd Ave,,,
Cushman & Wakefield | PICOR Commercial Real Estate,5151 E Broadway Blvd #115,,,
Help-U-Sell The Powell Group,5151 E Broadway Blvd Suite 1600,,,
Tower Home Rentals,518 E. Whitehouse Canyon Rd #170,,,
Flagstaff Property Management Inc,518 N Beaver St STE C,,,
"Strawberry Realty: Commercial, Residential, Investment Real Estate",5188 AZ-87,,,
Ennis Daniel at exp Realty Tucson - Tucson Real Estate Agent,520 S Coronado Dr Apt B212,,,
Real Estate Listings & Services,5200 E Cortland Blvd,,,
Coldwell Banker Northland,5200 E Cortland Blvd d1,,,
"OK Realty, Inc.",522 Arizona St,,,
Tricia Amato,5225 N Central Ave #104,,,
"Bobby Lieb, REALTOR - LAUNCH | COMPASS",5225 N Central Ave Ste. 108,,,
Historic Phoenix Districts Real Estate | HomeSmart Elite,5225 N Central Ave Suite 104,,,
Cajun Cottage AZ,529 S Friar Tuck Trail,,,
Arizona Home Brokerage,530 E Hunt Hwy Ste,,,
Arizona Home Group,5301 N Pima Rd #130,,,
"Ashley McKee, Realtor®",5304 E Southern Ave #101,,,
"Mark Toon, Realtor - My Home Group Real Estate",5304 E Southern Ave Ste 102,,,
Grand Canyon Tiny Home Rentals,5306 Sublime Dr,,,
Highland Real Estate,532 E Maryland Ave # A,,,
"Liane Wong REALTOR , ABR",532 N 4th Ave,,,
Dalton Realty,533 W Hill St,,,
"Catalyst Realty LLC, Investment Properties, Off-Market, Phoenix Real Estate",5333 N 7th St Ste C-222,,,
Clayton Homes,5333 S Hwy 95,,,
Strawberry Hideaway Cabin by Tandem Real Estate.,5356 Cleonna Dr,,,
Marsee Wilhems,5405 N Oracle Rd #165,,,
"Abbott Realty, Ltd",541 E 10th St,,,
Tangible Wealth Real Estate Company,5425 N Kolb Rd Suite 113,,,
The Jodi Kent Team | Residential Real Estate,5425 N Oracle Rd,,,
Goldsmith Real Estate,5431 N Oracle Rd STE 191,,,
"Debra Jacobs, De La Tierra Realty (Camp Verde)",544 S 6th St,,,
"Jamie Banks, REALTOR",544 S 6th St #103,,,
Black Mountain Valley Realty Ft Mohave,5455 AZ-95,,,
Coldwell Banker Realty - Williams Centre,5460 E Broadway Blvd #350,,,
Golden Paradise Land Owners,5505 AZ-68,,,
The Estates at Mountain Gate,551 Ave Centerville,,,
Vanguard,5524 E 4th St,,,
One Way Homes - Property Management,5524 E Baseline Rd,,,
RE/MAX Signature - Green Valley,555 N La Cañada Dr,,,
Michelle Metcalf - RE/MAX Signature,555 South La Cañada Drive Ste 131,,,
MRAZHomes,5596 E Helios Dr,,,
Bellagio Real Estate Brown Rd,560 W Brown Rd Suite 1020,,,
Arlan Knutson Insurance Agency,5635 AZ-95 suite b,,,
"Claire Ackerman, REALTOR ® | The Ackerman Team",5635 E Thomas Rd,,,
LUX Agency AZ,5635 N Scottsdale Rd Suite 170-123,,,
Chambers Realty Group,564 S Main St,,,
"Hunter Rauch, Chambers Realty Group",564 S Main St #114,,,
Cortni Nevarez at Chambers Realty Group,564 S Main St Suite 110B,,,
Tom Burchfield / Realty Executives / Kingman,565 Emery Park Rd,,,
Better Homes and Gardens BloomTree Realty: DJ Smith,565 S Main St,,,
"Chris Cobb, Cobb Realty",5650 E 22nd St,,,
At Your Services Home Watchers LLC,5701 Ferret Dr,,,
Holiday Shores,576 Citrus St,,,
Maas Construction Inc.,5826 AZ-95 #1,,,
Innovative Property Solutions,5826 AZ-95 #2,,,
"Tanya Stiegemeier, Designated Broker/Owner, Tombstone Real Estate",585 N Frontage Rd,,,
Desert Lakes Realty,5858 S Hwy 95 #106,,,
Arizona Real Estate - Living The Dream Team,5890 AZ-95 # B,,,
Fairway Village Estates,5890 S AZ-95,,,
Rio Verde Realty,599 E Wilcox Dr,,,
Downtown Hideaway,6 Maxfield Ave,,,
Homes at the River Real Estate Group,60 Acoma Blvd S Ste 1,,,
West USA Realty,600 AZ-260,,,
Central Arizona Association of Realtors,600 AZ-260 Suite 12,,,
Blue Star Real Estate Services and Referrals,600 E Gurley St # C,,,
"Holland Law Firm, PLLC",600 S 5th St W,,,
"Farnsworth-Ricks Management & Realty, Inc.",6001 E University Dr,,,
Chaparral Land Co,"601 Stockton Hill Rd # H1, Kingman, AZ 86401",,,
"Deborah Rose, Realtor - Realty ONE Group",602 W Main St,,,
"5th & Main Professional Suites and Rentals, L.L.C.",605 S 5th Ave,,,
"Chanel Turner, Kingman Real Estate Agent",606 E Beale St,,,
Commercial Property Connect LLC,606 N Stapley Dr,,,
Berkshire Hathaway HomeServices Advantage Realty,609 S Beeline Hwy,,,
Blue Gecko Realty,60936 E Amur Ln,,,
The Property Partners | REALTOR® | EXP Realty,6099 E Speedway Blvd,,,
Alltima Realty,610 N Broad St # B,,,
Schreiner Realty,610 N Gilbert Rd #105,,,
SB Ranch Realty,61082 E Angora Pl,,,
Realty Executives Arizona Territory Payson,611 S Beeline Hwy,,,
Haymore Real Estate,612 Bisbee Rd,,,
Engel and Völkers Tucson,6151 E Grant Rd,,,
Genesis Real Estate and Development,618 N Humphreys St,,,
Broaddus Properties Group Brokered by eXp,619 N Humphreys St,,,
At The Rim Team - Keller Williams Arizona Realty,620 AZ-260 Suite B1,,,
"Forest Properties, Inc.",620 AZ-260 UNIT C,,,
Douglas Realty Group,620 E 10th St,,,
TR Realty,620 N 6th Ave,,,
Williams Housing Authority,620 W Sheridan Ave,,,
"Silver Home Real Estate Services, LLC",6226 E Pima St UNIT 150,,,
Coldwell Banker Pinal Properties,623 N Main St,,,
Jack Johnson Legacy Sedona,625 Golf Club Way,,,
NextHome Prime Real Estate,625 W Southern Ave Suite E - 177,,,
Happy Pine Cabin,6266 Bradshaw Dr,,,
Bolan Kenneth,627 N Arizona Blvd,,,
Tim Ervin with Kenworthy Team @ RE/MAX A Bar Z Realty,627 N Arizona Blvd Suite D,,,
Prest Realty,632 N Beeline Hwy,,,
Star Nursery Garden and Rock Centers,6325 S AZ-95,,,
Dave Rosenfeld - Realtor,633 E Ray Rd #120,,,
Darcam Real Estate and Investments,633 E Ray Rd STE 108,,,
3D Properties,6343 S Highway 95,,,
Better Homes and Gardens Real Estate-S.J. Fowler,6360 E Brown Rd UNIT 103,,,
Los Lagos Golf Club,6365 S Entrada Via Verdes,,,
"Lopez & Lopez, REALTORS® at Long Realty Company",6390 E Tanque Verde Rd Suite 160,,,
Coldwell Banker Realty,6402 E Superstition Springs Blvd #100,,,
"Nancy Wittenberg, Real Estate Agent",6402 E Superstition Springs Blvd UNIT 123,,,
Habitation Realty ERA Powered.,641 N 10th Ave Suite 1,,,
Long Realty - Tanque Verde,6410 E Tanque Verde Rd,,,
Long Realty - Benson,642 W 4th St,,,
RE/MAX Desert Showcase,6427 S Central Ave,,,
Don & Ashley,6444 E Tanque Verde Rd,,,
Anderson Commercial Properties,6446 AZ-179,,,
Realty Executives Uptown,645 E Missouri Ave Suite 270,,,
Duncan az,647 High St,,,
"Eileen Talebi, Realtor",6486 AZ-179,,,
Coldwell Banker First Affiliate: Joy Shears,6486 AZ-179 #102,,,
"Cindy Chapman, REALTOR® Coldwell Banker Realty Sedona",6486 AZ-179 Ste 102,,,
"Carol Pinciaro, Real Estate Broker",6486 AZ-179 UNIT 110,,,
Grace Gedlek - Sedona Real Estate,6486 N AZ-179 suite 102,,,
LRA Real Estate Group LLC,65 E 1st Ave #104,,,
Kari Bradley & Associates LLC,65 E Ruggles St,,,
Dashing Ranch,650 Freeman Hllw Rd,,,
Sharone Cohen Realtor,6501 E Greenway Pkwy Ste 103-544,,,
Real Offer,6550 E Main St,,,
Power Realty Group Model Home Center,6555 E Southern Ave #2322,,,
Verde Valley Insurance & Fingerprinting,657 E Cottonwood St #6c,,,
Zane Grey Mini Storage,661 Howards Rd STE A1,,,
RE/MAX Excalibur Real Estate,6640 N Oracle Rd Suite 110,,,
American AllStar Realty,6642 E Baseline Rd STE 101,,,
Outback Realty Inc,66597 US-60,,,
Western Crossing by D.R. Horton,668 Keating St,,,
CLAUDIA WILSONLiving Here and Loving It,6680 W Stony Quail Way,,,
"International Real Estate Professionals,Llc",66850 US-60,,,
Hamill Real Estate,6698 AZ-68,,,
Dawn Dickenson pllc,671 AZ-179,,,
Berkshire Hathaway HomeServices Arizona Properties,671 AZ-179 B-CT1,,,
"Nicola Sarn REALTOR, Berkshire Hathaway Home Services Arizona Properties",671 AZ-179 suite b,,,
Isaiah Wright REALTOR® - Berkshire Hathaway HomeServices Arizona Properties,671 AZ-179 Suite B-CT1,,,
McMahon & Miller Commercial Real Estate,671 AZ-179 Suite E5,,,
Copper Crown Realty,671 N 2nd Ave,,,
Walt Danley Local Luxury | Christie's International Real Estate,6720 N Scottsdale Rd STE 140,,,
Parkside at Anthem at Merrill Ranch by Pulte Homes,6747 W Victory Way,,,
"NetWorth Realty of Phoenix West Valley, LLC",6751 N Sunset Blvd Suite E220,,,
Lynn Paine Real Estate Agent at Merrill Ranch Realty,6752 W Desert Blossom Way,,,
Luxury Group AZ - Realty Executives Tucson Elite,6760 N Oracle Rd,,,
Eclipse Real Estate Group,6760 N Oracle Rd #130,,,
USA Real Estate LLC,678 AZ-89,,,
Greg Fiore | WINN REALTY,678 S AZ-89,,,
Hannifan Real Estate Brokerage,68 W Cortez Dr,,,
EMS Realty Inc - Tucson Property Management & Real Estate,6816 N Oracle Rd #300,,,
ELK CROSSING VACATION RENTAL,6858 Bradshaw Dr,,,
Desert Lakes Realty,"6870 Arizona 95, Kingman South",,,
United Country Real Estate Arizona Life Homes And Land,688 W 4th St Suite D,,·,
Austin Fleck Property Management,690 E Warner Rd #153,,,
David Arustamian - Russ Lyon Sotheby's International Realty,6900 E Camelback Rd,,,
Adam Prather - Real Estate Agent - Russ Lyon Sotheby's International Realty,6900 E Camelback Rd #110,,,
Realty Exchange,6962 E 1st Ave #102,,,
Triple S. Properties,6962 Riverside Dr,,,
Hunter Creek Ranch HOA,698 Memory Ln,,,
The Penrose Team,6991 E Camelback Rd Ste D-300,,,
Jesse Scheel,6991 E Camelback Rd Suite D-300,,,
American Property Management,700 E Rodeo Rd,,,
Tierra Pointe,700 E Rodeo Rd Building I,,,
Prescott Arizona Real Estate,700 S Montezuma St,,,
Green Valley Escapes,700 W Vista Hermosa Dr #2048,,,
"Allison Cahill at The Agency, Luxury REALTOR®",7001 N Scottsdale Rd #1040,,,
The Agency Scottsdale,7001 N Scottsdale Rd Suite 1040,,,
Sandy Dudley Kingman Premier Properties,701 Stockton Hill Rd,,,
"Brooke Huffer, Real Estate Agent: Kingman, AZ - Meadview, AZ",701 Stockton Hill Rd Suite A,,,
Preference Properties LLC - Debby DeRosa,705 E Wilcox Dr,,,
Phoenix Real Estate for Canadians-Lavine Team,7075 W Bell Rd #13,,,
Phoenix Arizona Real Estate Services,"7077 E Marilyn Rd 4, Suite 130",,,
JPM Property Management,709 E Mingus Ave,,,
"Ben Karnitschnig, Better Homes and Gardens Real Estate Grand View North",712 N Grand Canyon Blvd,,,
Above All Real Estate,712 S California Ave,,,
Kooiman Realty LLC,7120 Pav Way STE 101,,,
The Firm RE,7135 E Camelback Rd #230,,,
Coldwell Banker Bishop Realty,715 S Beeline Hwy,,,
Scottsdale Classic Real Estate,7150 E 5th Ave,,,
"Hope Gibbs, Realtor",717 W Riordan Rd,,,
HomeSmart Premier,719 E Cottonwood Ln,,,
Gustavo Lopez - Realtor,719 E Cottonwood Ln #3,,,
"Jennifer Srock, HomeSmart Premier - Casa Grande",719 E Cottonwood Ln Ste 1,,,
"Susan Wells, HomeSmart Premier",719 E Cottonwood Ln Ste 103,,,
CENTURY 21 Highland Realty Co.,7193 Concho Dr,,,
Cottonwood Grove on Main,721 N 3rd St,,,
Elena Ha - Realty Executives AZ Territory,721 N 4th Ave,,,
North Scottsdale Real Estate,7216 E Wingspan Way #4755,,,
White Rock Realty,722 N Central Blvd,,,
Coldwell Banker Realty,7221 E Princess Blvd #117,,,
Renters Warehouse,7227 N 16th St Suite 260,,,
VELIA DEUPREE REMAX MOBILE FRONT DESK SOMERTON AZ,725 E Main St,,,
AV Realty - 24/7,725 E Main St Suite 1,,,
Phoenix Metro Real Estate,725 W Elliot Rd,,,
Remax Alliance Group,725 W Elliot Rd Ste 111,,,
Properties At Valle Vista,7252 Concho Dr Suite B,,,
Jeff Auerbach - Tucson Real Estate with eXp Realty,7255 E Snyder Rd,,,
Indie Realty,7255 E Tanque Verde Rd,,,
"Bryan Montierth, Realtor with Seek Legacy",726 S 6th Ave,,,
Timber Ridge Realtor - RE/MAX Mountain Properties,729 W Gurley St,,,
The Peggy Rauch Group - Real Estate Professionals,7297 N Scottsdale Rd Unit 1003,,,
Cindy Iorio - RE/MAX Mountain Properties,731 W Gurley St,,,
RETSY,7316 E 6th Ave,,,
Ranch Realty,7353 N Vía Paseo Del Sur #470,,,
Out West Titles & Tags,736 W Wickenburg Way,,,
Lauren Chester - Phoenix Real Estate Agent - Tru Realty LLC,7373 N Scottsdale Rd Ste A100,,,
Kyle Berglund - Tucson Realtor,7380 N La Cholla Blvd,,,
The TJK Team - Keller Williams Southern Arizona,7400 N Oracle Rd # 331,,,
CENTURY 21 Arizona Foothills - Gilbert Office,7400 S Power Rd,,,
Borgmeyer Willis Real Estate Team - Tierra Antigua,7423 E Tanque Verde Rd,,,
Jennie Uhlmann - United Real Estate,7430 N La Cholla Blvd,,,
Jonelle Abbott Scottsdale Real Estate Agent,7450 E Pinnacle Peak Rd Ste 256,,,
Signature Group at Real Broker,7454 E Broadway Blvd,,,
"Carolina Serrano Rosales, Realty One Group Gateway",748 Archibald St,,,
Long Realty Company,750 E Gila Blvd,,,
The Home Depot,750 S 20th Ave,,,
Judson Real Estate,7504 E Lompoc Ave,,,
Key Time Realty,752 Hancock Rd,,,
Cottonwood Old Town Plaza,753 N Main St,,,
Lolita's Realty,754 N Morley Ave B,,,
Ascend Realty,7633 E Acoma Dr Ste 104,,,
RISING Real Estate Services,7650 E Broadway Blvd #303,,,
1st Class Property Experts,7655 E Edgewood Ave,,,
Jeff and Lisa Armbruster Real Estate agents in Scottsdale/Phoenix,7669 E Pinnacle Peak Rd #110,,,
Jessica Schaefer Real Estate Team,7669 E Pinnacle Peak Rd Suite 110,,,
Heather Sheets Realtor - Tierra Antigua Realty,77 Calle Portal,,,
Lynn E Warren - Associate Broker,77 Calle Portal c140,,,
"Anthony Henry, Tierra Antigua Realty, LLC",77 Calle Portal Suite C140,,,
Kelly Blue Tierra Antigua Realty,77 Calle Portal Suite C-140,,,
"Margaret Rambo, Rambo Realty & Investment",77 S Old Hwy 188,,,
BVO Luxury Group at Keller Williams Northeast Realty,7702 E Doubletree Ranch Rd,,,
Wexler Real Estate,7702 E Doubletree Ranch Rd Suite 327,,,
Carriage Manor Realty,7750 E Broadway Rd,,,
Mariposa Realty LLC,78 W Patton St Suite B,,,
PHOENIX REALTORS®,7878 N 16th St #150,,,
Scottsdale Homes,7975 Hayden Rd #A-101,,,
Pam Torgrimson -She Sells Scottsdale,7975 Hayden Rd A101,,,
"Coldwell Banker Realty, North Scottsdale",7975 Hayden Rd Ste D 105,,,
Realty ONE Group,7975 Hayden Rd Suite A-101,,,
Nickie Knight - Scottsdale AZ Realtor,7975 Hayden Rd Suite D 105,,,
Pioneer Title Agency,8 Bisbee Rd,,,
Amy Wiens West USA Realty,80 Main St,,,
Sander Realty,80 W Calle De Las Tiendas STE B,,,
The Arroyos at Havasu Foothills Estates,8011 Circula De Hacienda,,,
Gila Valley Rentals,802 E Bowler Ln,,,
Landmark Ranch,802 W Spruell Ave,,,
Tombstone Canyon Vacation Home,803 Tombstone Canyon,,,
"Torch Real Estate LLC, Broker, Lorie Torch",8049 N 85th Way,,,
phoenix arizona realtor,8055 E Thomas Rd UNIT B102,,,
Duncan Refinance Mortgage,808 SE Old W Hwy,,,
Code of The West Realty,8088 E State Rte 69,,,
Rankin Realty Southwest,809 N Navajo Dr,,,
Mountain Shamrock Properties,809 W Riordan Rd,,,
Elevated Realty,809 W Riordan Rd #200,,,
"928Sales & Rentals, REALTY EXECUTIVES of Flagstaff (Property Management Division)",809 W Riordan Rd #205,,,
AZ STR Hospitality LLC,809 W Riordan Rd 100 171,,,
Realtor Cody Boyd,810 N Morrison Ave,,,
Realty Executives Arizona Territory - Prescott Valley,8100 AZ-69,,,
The Ledgerwood & Stanley Group @ Realty Executives Arizona Territory,8100 E State Rte 69,,,
"Stewart Title & Trust of Phoenix, Inc. - Safford",811 W Ct St S,,,
The Kay-Grant Group,8111 E Thomas Rd #124,,,
Entrada La Coraza at Rancho Sahuarita by Centex,812 W Calle Falerno,,,
Norris Management,816 W Gila Bend Hwy,,,
Horses and Homes Team @ My Home Group,82 N Valentine St,,,
Birdsong Real Estate & Insurance,820 W Cottonwood Ln #5c,,,
Davila Real Estate Solutions LLC,8218 E Madera Dr,,,
Justin Bemis Real Estate Team,822 N Humphreys St,,,
Redefy Real Estate,8222 S 48th St Suite 205,,,
Rich Realty Inc,8230 E Broadway Blvd STE W3,,,
Elk Country Realty : Shelly Reidhead,830 E Main St #102,,,
Elk Country Realty,830 E Main St #120,,,
"Ben Swanson, The Swanson Team at Keller Williams Integrity First Realty",830 S Higley Rd,,,
Witt & Brogdon Land & Home,830 S Main St,,,
Halcyon Home Hosting,830 S Main St # 2E,,,
Glow Realty Sedona Verde Valley,830 S Main St Suite 1-F,,,
Ashley Sinn Realtor,830 S Main St Suite 2D,,,
Anthem at Merrill Ranch by D.R. Horton,8303 W Banks Ct,,,
Century 21 Action Group,833 E Plaza Cir #200,,,
Allie Pfannenstiel - Scottsdale Real Estate Agent,8360 E Raintree Dr,,,
My Home Group,8360 E Raintree Dr #120,,,
The Ave Collective powered by My Home Group,8360 E Raintree Dr Ste 120,,,
Central Highlands Real Estate,8363 Florentine Rd A,,,
Realty ONE Group Integrity,8387 N Oracle Rd #100,,,
"Deanna Peters, REALTOR",8388 E Hartford Dr #100,,,
Bimal Patel Realtor,8388 E Hartford Dr Ste 100,,,
Blue Phoenix Realty,8388 E Hartford Dr Suite 100,,,
"David ""DJ"" & Autumn Montoya, HomeSmart, Realtors®",8388 E. Hartford Dr,,,
REALTOR Conference Center,839 Hancock Rd,,,
My Home Group Real Estate- Mesa/East Valley,8405 E Baseline Rd #105,,,
Bullhead City Mohave Valley-Association,841 Hancock Rd,,,
Bliss Realty & Investments Mesa,8413 E Baseline Rd STE 106,,,
Terrafirma Commercial Real Estate,8422 E Shea Blvd #100,,,
Pueblo Townhomes,846 N Pueblo Dr,,,
Yvonne Taylor & Associates,850 W 32nd St # 6,,,
CENTURY 21 Action Group,851 Main St #2&4,,,
LandSale.US LLC,852 W Cowell St,,,
Long Realty - Oro Valley,8540 N Oracle Rd,,,
White Hills Properties,8545 White Hills Rd,,,
Summitt's River Realty,8550 AZ-95,,,
Diamondback Real Estate,8567 N Silverbell Rd #201,,,
Sedona Verde Valley Assoc of REALTORS(R),859 Cove Pkwy,,,
Scottsdale Real Estate | Blake Hupfer,8600 E Raintree Dr Suite 185,,,
Property Management Real Estate Services,8655 East Vía de Ventura G-160,,,
Rocky Property Group,8659 Coronado Dr,,,
Jennifer Wehner - The Wehner Group eXp Realty,8665 E Hartford Dr #125,,,
Foothills Property Management Unfurnished Verde Valley Rentals,868 Cove Pkwy #3,,,
The Argus Real Estate Co,8686 N Central Ave Ste. 186,,,
The MoJo Team,8687 East Vía de Ventura STE 106,,,
AZ Premier Real Estate Group brokered by eXp Realty,8700 E Pinnacle Peak Rd,,,
Integrated Real Estate,8700 East Vía de Ventura #170,,,
Original Realty Co,8722 E Vía De Commercio Suite 100,,,
Sound Investment Real Estate,877 Cove Pkwy,,,
Chelsea Shannon Realtor® at Tinzie Realty,879 W Wickenburg Way,,,
Jan's Rivertime Realty,8828 AZ-95 #928,,,
CENTURY 21 1st American,8830 E Speedway Blvd,,,
David plank relaty,8832 Riverside Dr,,,
The Stonebraker Group,8841 Florentine Rd Suite F,,,
Berkshire Hathaway HomeServices Arizona Properties,8852 E Pinnacle Peak Rd J-4,,,
Williams & Williams Estates Group,8878 Sunset Blvd,,,
Freeport Employee Housing Office,889 Reservation Rd,,,
RealtyConnect,890 Hancock Rd,,,
"Gordon Baker, Realtor®",890 W Elliot Rd Ste 102,,,
Woodward Investments LLC,891 W Placita de la Cotonia,,,
Saddle Up Realty and Property Management,893 W Wickenburg Way suite f,,,
Walt Danley Local Luxury | Christie's International Real Estate - Scottsdale,8955 E Pinnacle Peak Rd UNIT 104,,,
"Creative Property Locators Real Estate, Stephanie Canto, Broker",898 Hampshire Ave,,,
Shadle & Sanchez Realty Investments,899 E Plaza Cir Ste 3,,,
Ajo Realty,900 Solana Ave,,,
Winslow Housing Authority,900 W Henderson St,,,
Tucson Homes For Sale,9034 E Camino Abril,,,
Robert Gory Realty Inc,9035 Riverside Dr,,,
Howe Realty - Brandon Howe Team,9059 W Lake Pleasant Pkwy Building B Suite 200,,,
Hometown Advantage Real Estate,907 S Orange Ave,,,
RE/MAX Classic Real Estate,908 S Power Rd,,,
Desert Resort Properties,91 London Bridge Rd # 106,,,
A Team Real Estate Professionals on The Island,914 Bella Vista Dr,,,
Coldwell Banker Northland,914 E Gurley St,,,
"Peter Fife | Greater Prescott, AZ Real Estate Agent",914 E Gurley St Suite 100,,,
Long Realty,9155 E Tanque Verde Rd Suite 107,,,
List + Market Realty,9170 E Bahia Dr #203B,,,
Realty Executives Arizona Territory - Houghton/Vail,9172 S Houghton Rd,,,
"Billy Morris, Associate Broker",9172 S Houghton Rd Suite # 110,,,
AZ Adobe Group Realty,918 N Main St,,,
Aagrreferrals LLC,918 N Main St A,,,
Sonoita Properties,92 Cayuse Trail,,,
Cory Team LLC,920 Camino Real,,,
Borgmann Real Estate Group,921 W Círculo Napa,,,
The White Horse Acre - Vacation Rental Home,925 Hoctor Rd,,,
Summit Real Estate Professionals,925 N Morrison Ave,,,
Tucson Arizona Real Estate,9257 E 28th St,,,
Real Estate by Jules (Julie Harris Saguaro Mountain Realty),929 N Val Vista Dr #109,,,
"Al Vincent - REALTOR at Tierra Antigua Realty in Green Valley, AZ",929 W Mission Twin Buttes Rd,,,
Pioneer Title Agency,"932 S, 932 Main St E",,,
Sundance Home Sales,9351 E 28th St,,,
Hunt Real Estate ERA,936 E Williams Field Rd #103,,,
"Christina Swift, REALTOR - Turner Hill Properties",938 E Beale St,,,
Real Property Management Northern Arizona,"938 E Beale St Kingman, AZ 86401",,,
QMC Inc,939 Hancock Rd Suite 11,,,
A Team Real Estate Professionals- Coldwell Banker Realty,94 Acoma Blvd S #103,,,
Century 21 Americana,94 Acoma Blvd S #200,,,
Coldwell Banker Realty - A Team Lake Havasu,94 Acoma Blvd S Ste. 103,,,
River Valley Realty LLC,947 Riverfront Dr,,,
"Bisbee Realty, Inc.",954 AZ-92,,,
Stacy Ortega- Realty Executives Arizona Territory,958 E Rodeo Rd #25,,,
"Comité de Bien Estar, Inc.",963 B St,,,
All Arizona River Realty,967 Hancock Rd Suite 145,,,
On the Greens Manfct Home Park,969 W On The Greens Blvd,,,
Carolyn Rice - West USA Realty,970 S Main,,,
Saguaro Whispers,9788 N Cox Rd,,,
Yavapai Title Agency,980 AZ-89,,,
CG Mitchell Real Estate LLC,989 S Main St,,,
Casa Grande HUD Homes,992 E Cottonwood Ln ste 103,,,
Jose Luis Cedeno| Future Homes Team | Phoenix Real Estate Agent |,9950 W Van Buren St #134,,,
Future Homes Real Estate Team | Phoenix Real Estate Agents and Realtors |,9950 W Van Buren St Suite 134,,,
Meagan Mullins - eXp Realty,999 Annas Ave,,,
The Best Realtor In Southern Arizona,Canyon De Flores,,,
Remax Homestores,"Copper Queen Plaza #203, 2 Main St",,,
The WILLIAMS Real Estate Company,E Shea Blvd,,,
Diamond Point Shadows Restaurant,"E, AZ-260",,,
Sopori Wash Ranch,"H.C 65 Box7856, 10461 W Arivaca Rd",,,
Home Again Arizona Real Estate & Property Management,"Home Again Arizona Real Estate, 3395 E Clark Dr",,,
Lana Barnes Associate Broker,"HomeSmart Success, 719 E Cottonwood Ln #3",,,
Stringfield Ranch at Granite Mountain,JF4X+2X,,,
Best Reality & Management Llc,Jill Way,,,
Desert Lakes by Century Complete,"Joy Lane and, Club House Dr",,,
Arizona City by Century Complete,"Lamb Road &, W Ventana Dr",,,
Angelina Pequeno Realtor Sierra Vista AZ,"Long Realty Company, 2363 E Fry Blvd",,,
Coldwell Banker,"Mingus Mountain, 952 Old Hwy 279",,,
400North_WilliamsAZ,N 7th St,,,
"Forest Properties, Inc.","N, 117 Main St",,,
El Rancho Encantado,"New homes, Phase 2 48th, S Cassidy Dr",,,
Desert Garden short term stay with a view,"North apartment, 18210 S Camino De Las Quintas",,,
Mason Martinez - eXp Realty,One S Church Ave Unit 12,,,
Power Ranch Gilbert Arizona Real Estate,Ranch House Pkwy,,,
"Tony Ray Baker, RE/MAX Professionals","RE/MAX Professionals, 2830 N Swan Rd STE 120",,,
"Heather Fiser, Realty Executives of Flagstaff, LLC","Realty Executives of Flagstaff, 809 W Riordan Rd #205",,,
Todd Gulinson Real Estate Agent & Team,"REMAX Fine Properties, 21020 N Pima Rd",,,
Moonlight Sunrise Casa,Rio Mesa Trail,,,
Colorado River Indian Tribes Realty,Shea Rd,,,
Shrader Realty & Associates,"The Crescent Center, 2450 S 4th Ave # 119",,,
VerdeSantaFeAZ.com,Verde Santa Fe Pkwy,,,
"Mister Home Inspector, LLC",W Nova Ct,,,
"Wholesum Farms Arizona, L.L.C","Wholesum Farms Arizona, L.L.C, 85645, 2986 W Frontage Rd",,,
Linda Pitts Real Estate,"Wick Building, 333 W Wilcox Dr",,,
Arciero Family Home,X9JW+PG,,,
