company,street,city
Michael Kors,2601 South McKenzie Street Suite 100,"Foley, AL 36535"
Michael Kors,6200 Grand River Blvd East Suite 130,"Leeds, AL 35094"
Michael Kors,4250 West Anthem Way Suite 600,"Anthem, AZ 85086"
Michael Kors,6800 North 95 Ave Suite 745,"Glendale, AZ 85305"
Michael Kors,4976 Premium Outlets Way Suite 600,"Chandler, AZ 85226"
Michael Kors,15215 N Kierland Blvd Suite 175,"Scottsdale, AZ 85254"
Michael Kors,7014 East Camelback Rd Suite 1101,"Scottsdale, AZ 85251"
Michael Kors,6401 W Marana Center Blvd Suite 818,"Tucson, AZ 85742"
Michael Kors,5003 Willows Road Suite B102,"Alpine, CA 91901"
Michael Kors,4051 Camino De La Plaza Suite 94,"San Ysidro, CA 92173"
Michael Kors,5630 Paseo Del Norte Suite 100D,"Carlsbad, CA 92008"
Michael Kors,400 S Baldwin Ave Suite 172-L,"Arcadia, CA 91007"
Michael Kors,1065 Brea Mall Suite 1011A,"Brea, CA 92821"
Michael Kors,189 The Grove Dr Suite F-70,"Los Angeles, CA 90036"
Michael Kors,312 Los Cerritos Mall,"Cerritos, CA 90703"
Michael Kors,8500 Beverly Blvd Suite 724,"Los Angeles, CA 90048"
Michael Kors,10250 Santa Monica Blvd Suite 1950,"Los Angeles, CA 90067"
Michael Kors,3333 Bristol Street SUITE 1237,"Costa Mesa, CA 92626"
Michael Kors,5701 Outlets At Tejon Parkway Suite 670,"Arvin, CA 93203"
Michael Kors,2701 Ming Avenue Suite 183,"Bakersfield, CA 93304"
Michael Kors,2796 Tanger Way Suite 3217,"Barstow, CA 92311"
Michael Kors,242 N RODEO DR,"Beverly Hills, CA 90210"
Michael Kors,48650 Seminole Dr Suite 240,"Cabazon, CA 92230"
Michael Kors,1 East Mills Circle Suite 912A,"Ontario, CA 91764"
Michael Kors,1 Mills Circle Suite 913A,"Ontario, CA 91764"
Michael Kors,888 E 2nd Street Suite F100,"Calexico, CA 92231"
Michael Kors,910 Camarillo Center Dr Suite 800,"Camarillo, CA 93010"
Michael Kors,100 Citadel Dr Suite 456,"Commerce, CA 90040"
Michael Kors,13000 Folsom Blvd Suite 1006,"Folsom, CA 95630"
Michael Kors,348 Nut Tree Rd Suite 348,"Vacaville, CA 95687"
Michael Kors,8155 Arroyo Circle Suite 15,"Gilroy, CA 95020"
Michael Kors,532 Great Mall Drive,"Milpitas, CA 95035"
Michael Kors,3690 Livermore Outlets Dr,"Livermore, CA 94551"
Michael Kors,679 Factory Stores Dr,"Napa, CA 94558"
Michael Kors,2200 Petaluma Blvd North Suite 1145,"Petaluma, CA 94952"
Michael Kors,1151 Galleria Blvd Suite 121,"Roseville, CA 95678"
Michael Kors,1689 Arden Way Suite 1066,"Sacramento, CA 95815"
Michael Kors,4505 La Jolla Village Dr Suite C28,"San Diego, CA 92122"
Michael Kors,7007 Friars Rd Suite 313,"San Diego, CA 92108"
Michael Kors,845 Market Street Suite 137,"San Francisco, CA 94103"
Michael Kors,2855 Stevens Creek Blvd Suite 1133,"Santa Clara, CA 95050"
Michael Kors,925 Blossom Hill Rd Suite 1210,"San Jose, CA 95123"
Michael Kors,1483 Retherford Street Suite D040,"Tulare, CA 93274"
Michael Kors,5050 Factory Shops Blvd Suite 330,"Castle Rock, CO 80108"
Michael Kors,14500 West Colfax Ave Suite 170A,"Lakewood, CO 80401"
Michael Kors,13801 Grant Suite 110,"Thornton, CO 80023"
Michael Kors,8405 Park Meadows Center Dr Suite 1610,"Littleton, CO 80124"
Michael Kors,20-A Killingworth Turnpike Suite 430,"Clinton, CT 06413"
Michael Kors,1947 Old Country Road Tanger 2 - Suite 813,"Riverhead, NY 11901"
Michael Kors,1947 Old Country Road Suite 809,"Riverhead, NY 11901"
Michael Kors,455 Trolley Line Blvd Ste 600,"Mashantucket, CT 06338"
Michael Kors,500 Westfarms Mall Suite F202,"Farmington, CT 06032"
Michael Kors,1 Premium Outlet Blvd Suite 400,"Wrentham, MA 02093"
Michael Kors,Kurfürstendamm 219,"Berlin, BE 10719"
Michael Kors,Alter Spandauer Weg 1 109-9M,Wustermark 14641
Michael Kors,Königsallee 11d,Düsseldorf 40212
Michael Kors,Centroallee 126/127,"Oberhausen, NW 46047"
Michael Kors,Hohe Strasse 145,"Köln, NRW 50667"
Michael Kors,Goethestrasse 32,"Frankfurt, HE 60313"
Michael Kors,Almosenberg Einheit 49,"Wertheim, BW 97877"
Michael Kors,Neuer Wall 10,"Hamburg, HH 20354"
Michael Kors,Oderstrasse 10,Neumünster 24539
Michael Kors,Otto-Hahn-Strasse 1 Einheit 148,"Ingolstadt, BY 85055"
Michael Kors,Heinkelstrasse 1,"Ludwigsburg, BW 71634"
Michael Kors,Einheit 7 Reutlingerstrasse 63,Metzingen 72555
Michael Kors,An der Vorburg 1 Einheit 22,"Wolfsburg, NDS 38440"
Michael Kors,Londoner Bogen Einheit 56,"Zweibrücken, RP 66482"
Michael Kors,19575 Biscayne Blvd Suite 123,"Aventura, FL 33180"
Michael Kors,11401 Pines Blvd. Suite 460,"Pembroke Pines, FL 33026"
Michael Kors,2414 East Sunrise Blvd SUITE 2196,"Ft Lauderdale, FL 33304"
Michael Kors,7535 N Kendall Drive Suite 1301A,"Miami, FL 33156"
Michael Kors,909 Brandon Town Center,"Brandon, FL 33511"
Michael Kors,2223 N West Shore Blvd Suite 224,"Tampa, FL 33607"
Michael Kors,1100 Cornerstone Blvd. Suite 1090,"Daytona Beach, FL 32117"
Michael Kors,10562 Emerald Coast Parkway W Suite 114,"Destin, FL 32550"
Michael Kors,5597 Factory Shops Blvd Suite 335,"Ellenton, FL 34222"
Michael Kors,2364 Grand Cypress Drive Suite 260,"Lutz, FL 33559"
Michael Kors,10801 Corkscrew Rd Suite 312,"Estero, FL 33928"
Michael Kors,"23160 Fashion Drive Building 23160, Suite 103","Estero, FL 33928"
Michael Kors,3101 Pga Blvd Suite Q-221,"Palm Beach Gardens, FL 33410"
Michael Kors,11401 NW 12th Street Suite 360,"Miami, FL 33172"
Michael Kors,4200 Conroy Rd Suite M233,"Orlando, FL 32839"
Michael Kors,4957 International Dr Suite 2C-11A,"Orlando, FL 32819"
Michael Kors,8001 S. Orange Blossom Trail Suite 338A,"Orlando, FL 32809"
Michael Kors,8200 Vineland Ave Suite 900,"Orlando, FL 32821"
Michael Kors,8200 Vineland Ave Suite 815,"Orlando, FL 32821"
Michael Kors,2700 State Road 16 Suite 808,"St. Augustine, FL 32092"
Michael Kors,12801 West Sunrise Blvd Suite 331,"Sunrise, FL 33323"
Michael Kors,1800 Sawgrass Mills Circle Suite 2696,"Sunrise, FL 33323"
Michael Kors,1800 Sawgrass Mills Circle Suite 2660,"Sunrise, FL 33323"
Michael Kors,1828 94th Dr Suite B100,"Vero Beach, FL 32966"
Michael Kors,1791 Palm Beach Lakes Blvd Suite W113,"West Palm Beach, FL 33401"
Michael Kors,1146 Cumberland Mall SE,"Atlanta, GA 30339"
Michael Kors,3393 Peachtree Rd NE Suite 3084,"Atlanta, GA 30326"
Michael Kors,3450 Wrightsboro Rd Suite 2490,"Augusta, GA 30909"
Michael Kors,3333 Buford Dr Suite 2059A,"Buford, GA 30519"
Michael Kors,800 Steven B. Tanger Blvd. Suite 909,"Commerce, GA 30529"
Michael Kors,800 Highway 400 South Suite 980,"Dawsonville, GA 30534"
Michael Kors,915 Ridgewalk Pkwy Suite 808,"Woodstock, GA 30188"
Michael Kors,1000 Tanger Dr Suite 600,"Locust Grove, GA 30248"
Michael Kors,200 Tanger Outlet Blvd Suite 339,"Pooler, GA 31322"
Michael Kors,1252 Fording Island Rd,"Bluffton, SC 29910"
Michael Kors,1450 Ala Moana Blvd Suite 2224,"Honolulu, HI 96814"
Michael Kors,2330 Kalakaua Ave Suite 180,"Honolulu, HI 96815"
Michael Kors,900 Front Street Suite J-1,"Lahaina, HI 96761"
Michael Kors,94-790 Lumiaina St Suite 101,"Waipahu, HI 96797"
Michael Kors,1650 Premium Outlets Blvd Suite 1800,"Aurora, IL 60502"
Michael Kors,5220 Fashion Outlets Way Suite 2140,"Rosemont, IL 60018"
Michael Kors,900 N Michigan Ave Suite L1-14,"Chicago, IL 60611"
Michael Kors,168 Oakbrook Center,"Oak Brook, IL 60523"
Michael Kors,5 Woodfield Mall Suite E-323A,"Schaumburg, IL 60173"
Michael Kors,11601 108th St Suite 575,"Pleasant Prairie, WI 53158"
Michael Kors,11821 N Executive Dr Suite B020,"Edinburgh, IN 46124"
Michael Kors,1302 Lighthouse Place,"Michigan City, IN 46360"
Michael Kors,6501 Grape Road Suite 480A,"Mishawaka, IN 46545"
Michael Kors,3401 Nicholasville Rd Suite 128,"Lexington, KY 40503"
Michael Kors,1155 Buck Creek Rd Suite 820,"Simpsonville, KY 40067"
Michael Kors,2400 S. Tanger Blvd. Suite 142,"Gonzales, LA 70737"
Michael Kors,3301 Veterans Memorial Blvd Suite 105,"Metairie, LA 70002"
Michael Kors,333 Canal Street Suite 106,"New Orleans, LA 70130"
Michael Kors,2002 Annapolis Mall Suite 1468,"Annapolis, MD 21401"
Michael Kors,8042 Tysons Corner Center,"Tysons Corner, VA 22102"
Michael Kors,22705 Clarksburg Rd. Suite 300,"Clarksburg, MD 20871"
Michael Kors,241 Fort Evans Rd NE Suite 803,"Leesburg, VA 20176"
Michael Kors,7000 Arundel Mills Cir Suite 442,"Hanover, MD 21076"
Michael Kors,6800 Oxon Hill Road Suite 747,"National Harbor, MD 20745"
Michael Kors,1863 Gettysburg Village Dr Suite 900,"Gettysburg, PA 17325"
Michael Kors,2700 Potomac Mills Circle Suite 700A,"Woodbridge, VA 22192"
Michael Kors,211 Outlet Center Dr,"Queenstown, MD 21658"
Michael Kors,12741 Ocean Gateway Suite 790,"Ocean City, MD 21842"
Michael Kors,34986 Midway Outlet Dr Suite 101,"Rehoboth Beach, DE 19971"
Michael Kors,75 Middlesex Turnpike Suite 1311,"Burlington, MA 01803"
Michael Kors,199 Boylston Street Suite 116A,"Chestnut Hill, MA 02467"
Michael Kors,100 Premium Outlets Blvd Suite B100,"Lee, MA 01238"
Michael Kors,4064 Baldwin Rd Suite 226,"Auburn Hills, MI 48326"
Michael Kors,1475 N. Burkhart Rd Suite C 180,"Howell, MI 48855"
Michael Kors,12150 Beyer Rd. Suite F040,"Birch Run, MI 48415"
Michael Kors,350 84th Street SW Suite 700,"Byron Center, MI 49315"
Michael Kors,6415 Labeaux Ave NE Suite B060,"Albertville, MN 55301"
Michael Kors,3925 Eagan Outlets Parkway Suite 860,"Eagan, MN 55122"
Michael Kors,184 South Ave Suite S184,"Bloomington, MN 55425"
Michael Kors,10355 Factory Shops Blvd,"Gulfport, MS 39503"
Michael Kors,200-495 Bass Pro Drive,"Pearl, MS 39208"
Michael Kors,5205 Airways Blvd Suite 940,"Southaven, MS 38671"
Michael Kors,300 Tanger Blvd Suite 230,"Branson, MO 65616"
Michael Kors,18527 Outlet Boulevard Suite 727,"Chesterfield, MO 63005"
Michael Kors,1435 Saint Louis Galleria,"Richmond Heights, MO 63117"
Michael Kors,80 Premium Outlets Blvd Suite 323,"Merrimack, NH 03054"
Michael Kors,1699 White Mountain Highway Suite M30,"North Conway, NH 03860"
Michael Kors,15 North Michigan Ave Suite 428,"Atlantic City, NJ 08401"
Michael Kors,27 North Michigan Ave Suite 418,"Atlantic City, NJ 08401"
Michael Kors,100 Premium Outlet Dr Suite 940,"Blackwood, NJ 08012"
Michael Kors,18 W Lightcap Rd Suite 401,"Pottstown, PA 19464"
Michael Kors,2000 Route 38 Suite 1137,"Cherry Hill, NJ 08002"
Michael Kors,6652 US HWY 1 Suite 145,"Lawrenceville, NJ 08648"
Michael Kors,146 Christiana Mall Suite 1461,"Newark, DE 19702"
Michael Kors,3710 Route 9 Suite C132,"Freehold, NJ 07728"
Michael Kors,460 Menlo Park Suite 1300A,"Edison, NJ 08837"
Michael Kors,250 Vesey Street Suite 106,"New York, NY 10281"
Michael Kors,5176 Kings Plaza Suite 148,"Brooklyn, NY 11234"
Michael Kors,610 Fifth Ave,"New York, NY 10020"
Michael Kors,1400 Willowbrook Mall Suite 1770,"Wayne, NJ 07470"
Michael Kors,651 KAPLOWSKI ROAD SPACE 2220A,"ELIZABETH, NJ 07201"
Michael Kors,651 Kapkowski Rd Suite 2018,"Elizabeth, NJ 07201"
Michael Kors,90-15 Queens Blvd Suite 1060,"Elmhurst, NY 11373"
Michael Kors,301 Mount Hope Ave Suite 1064A,"Rockaway, NJ 07866"
Michael Kors,1 Premium Outlet Blvd Suite 767,"Neptune, NJ 07753"
Michael Kors,1 Garden State Plaza Suite 2108,"Paramus, NJ 07652"
Michael Kors,6010 Mall Walk,"Yonkers, NY 10704"
Michael Kors,1 Crossgates Mall Rd Suite D202,"Albany, NY 12203"
Michael Kors,630 Old Country Rd Suite 2093,"Garden City, NY 11530"
Michael Kors,1 Walden Galleria Suite D118,"Buffalo, NY 14225"
Michael Kors,332 Red Apple Court suite 332,"Central Valley, NY 10917"
Michael Kors,152 The Arches Circle Suite 1407,"Deer Park, NY 11729"
Michael Kors,160 Walt Whitman Rd Suite 1007E,"Huntington Station, NY 11746"
Michael Kors,140 Smith Haven Mall Suite H17E,"Lake Grove, NY 11755"
Michael Kors,1424 U.S. 9 Suite 13,"Lake George, NY 12845"
Michael Kors,2004 Northern Blvd,"Manhasset, NY 11030"
Michael Kors,790 Madison Ave,"New York, NY 10065"
Michael Kors,1750 Military Rd Suite 81,"Niagara Falls, NY 14304"
Michael Kors,300 Taylor Road Unit 753,"Niagara, ON L0S1J0"
Michael Kors,30 Main Street,"Southampton, NY 11968"
Michael Kors,10077 Destiny USA Dr Suite L-103,"Syracuse, NY 13204"
Michael Kors,655 State Rt 318 Suite 84,"Waterloo, NY 13165"
Michael Kors,4400 Sharon Rd Suite L16,"Charlotte, NC 28211"
Michael Kors,5512 New Fashion Way Suite 904,"Charlotte, NC 28278"
Michael Kors,8111 Concord Mills Blvd Suite 271A,"Concord, NC 28027"
Michael Kors,6910 Fayetteville Rd Suite 1425,"Durham, NC 27713"
Michael Kors,4325 Glenwood Ave Suite 2095,"Raleigh, NC 27612"
Michael Kors,4000 Arrowhead Blvd Suite 802,"Mebane, NC 27302"
Michael Kors,7100 S. Croatan Highway Suite 98,"Nags Head, NC 27959"
Michael Kors,1227A Outlet Center Drive,"Smithfield, NC 27577"
Michael Kors,549 South Chillicothe Rd Suite 410,"Aurora, OH 44202"
Michael Kors,7875 Montgomery Rd Suite 2211,"Cincinnati, OH 45236"
Michael Kors,400 Premium Outlets Dr Suite 974,"Monroe, OH 45050"
Michael Kors,400 South Wilson Road Suite 950,"Sunbury, OH 43074"
Michael Kors,801 EAST 103RD STREET SPACE 8175,"JENKS, OK 74037"
Michael Kors,1901 NW Expressway Suite 1011A,"Oklahoma City, OK 73118"
Michael Kors,7650 West Reno Ave Suite 850,"Oklahoma City, OK 73127"
Michael Kors,7021 S Memorial Dr Suite 179C,"Tulsa, OK 74133"
Michael Kors,9620 SW Washington Square Road,"Tigard, OR 97223"
Michael Kors,1001 N. Arney Rd. Suite 606,"Woodburn, OR 97071"
Michael Kors,77 Wind Creek Blvd. Suite 211,"Bethlehem, PA 18015"
Michael Kors,1001 Premium Outlet Drive Suite E06-07,"Tannersville, PA 18372"
Michael Kors,72 Outlet Square,"Hershey, PA 17033"
Michael Kors,1911 Leesburg Grove City Rd Suite 600,"Grove City, PA 16127"
Michael Kors,1200 Stanley K. Tanger Blvd Suite 1200,"Lancaster, PA 17602"
Michael Kors,703 Park City Center Suite G703,"Lancaster, PA 17601"
Michael Kors,2200 Tanger Blvd Suite 835,"Washington, PA 15301"
Michael Kors,100 Columbiana Circle Suite 1302,"Columbia, SC 29212"
Michael Kors,600 Factory Shops Blvd,"Gaffney, SC 29341"
Michael Kors,10843 Kings Rd Suite 685,"Myrtle Beach, SC 29572"
Michael Kors,4840 Tanger Outlet Blvd Suite 385,"North Charleston, SC 29418"
Michael Kors,4060 Cane Ridge Parkway Suite 413 Building 4,"Antioch, TN 37013"
Michael Kors,7515 Poplar Ave Suite 115,"Germantown, TN 38138"
Michael Kors,225 Opry Mills Dr,"Nashville, TN 37214"
Michael Kors,1645 Pkwy Suite 403,"Sevierville, TN 37862"
Michael Kors,820 West Stacy Rd Suite 134,"Allen, TX 75013"
Michael Kors,3000 Grapevine Mills Pkwy Suite 216,"Grapevine, TX 76051"
Michael Kors,15825 North Freeway Suite 530,"Fort Worth, TX 76177"
Michael Kors,2950 West Interstate 20 Suite 710,"Grand Prairie, TX 75052"
Michael Kors,2901 South Capital Of Texas Hwy Suite E08,"Austin, TX 78746"
Michael Kors,7051 South Desert Blvd Suite B213,"Canutillo, TX 79835"
Michael Kors,5488 S Padre Island Drive Suite 1510,"Corpus Christi, TX 78411"
Michael Kors,29300 Highway 290 Suite 968,"Cypress, TX 77433"
Michael Kors,5000 Katy Mills Circle Suite 230,"Katy, TX 77494"
Michael Kors,13350 Dallas Pkwy Suite 1420,"Dallas, TX 75240"
Michael Kors,1101 Melbourne Rd Suite 4043,"Hurst, TX 76053"
Michael Kors,8401 Gateway Blvd W Suite B05B,"El Paso, TX 79925"
Michael Kors,2000 Willowbrook Mall Suite 1208,"Houston, TX 77070"
Michael Kors,303 Memorial City Way Suite 754,"Houston, TX 77024"
Michael Kors,5015 Westheimer Rd Suite A2446,"Houston, TX 77056"
Michael Kors,1600 Water Street Suite B-400,"Laredo, TX 78040"
Michael Kors,2200 South 10th Street Suite R05A,"McAllen, TX 78503"
Michael Kors,5001 E US Expressway 83 Suite 515,"Mercedes, TX 78570"
Michael Kors,4401 N Interstate 35 Suite 760,"Round Rock, TX 78664"
Michael Kors,7400 San Pedro Ave Suite 108,"San Antonio, TX 78216"
Michael Kors,3939 S Interstate 35 Suite 1070,"San Marcos, TX 78666"
Michael Kors,16535 Southwest Fwy Suite 360,"Sugar Land, TX 77479"
Michael Kors,1201 Lake Woodlands Dr Suite 1026,"The Woodlands, TX 77380"
Michael Kors,5885 Gulf Freeway Suite 250,"Texas City, TX 77591"
Michael Kors,3700 Cabelas Blvd Suite 254,"Lehi, UT 84043"
Michael Kors,6699 North Landmark Dr Suite A135,"Park City, UT 84098"
Michael Kors,1600 Premium Outlets Blvd Suite 421,"Norfolk, VA 23502"
Michael Kors,5709 Richmond Rd Suite 58,"Williamsburg, VA 23188"
Michael Kors,701 Lynnhaven Pkwy Suite 1088,"Virginia Beach, VA 23452"
Michael Kors,1101 Outlet Collection Way Suite 1010,"Auburn, WA 98001"
Michael Kors,461 S. Fork Ave SW Suite 661A,"North Bend, WA 98045"
Michael Kors,3000 184th Street SW Suite 278,"Lynnwood, WA 98037"
Michael Kors,515 Southcenter Mall,"Tukwila, WA 98188"
Michael Kors,4502 South Steele Street Suite 915B,"Tacoma, WA 98409"
Michael Kors,10600 Quil Ceda Blvd Suite 600G,"Tulalip, WA 98271"
Michael Kors,210 N Gasser Rd Suite 391,"Baraboo, WI 53913"
Michael Kors,3001 S. Washburn St Suite E005,"Oshkosh, WI 54904"
